PIH,NASD
PIHPP,NASD
TURN,NASD
FLWS,NASD
FCCY,NASD
SRCE,NASD
VNET,NASD
TWOU,NASD
JOBS,NASD
CAFD,NASD
EGHT,NASD
AVHI,NASD
SHLM,NASD
AAON,NASD
ABAX,NASD
ABEO,NASD
ABEOW,NASD
ABIL,NASD
ABMD,NASD
ABLX,NASD
AXAS,NASD
ACIU,NASD
ACIA,NASD
ACTG,NASD
ACHC,NASD
ACAD,NASD
ACST,NASD
AXDX,NASD
XLRN,NASD
ANCX,NASD
ARAY,NASD
ACRX,NASD
ACER,NASD
ACET,NASD
AKAO,NASD
ACHV,NASD
ACHN,NASD
ACIW,NASD
ACRS,NASD
ACMR,NASD
ACNB,NASD
ACOR,NASD
SQZZ,NASD
ATVI,NASD
ACXM,NASD
ADMS,NASD
ADMP,NASD
ADAP,NASD
ADUS,NASD
AEY,NASD
IOTS,NASD
ADMA,NASD
ADBE,NASD
ADOM,NASD
ADTN,NASD
ADRO,NASD
ADES,NASD
AEIS,NASD
AMD,NASD
ADXS,NASD
ADXSW,NASD
ADVM,NASD
ACT,NASD
AEGN,NASD
AGLE,NASD
AEHR,NASD
AMTX,NASD
AERI,NASD
AVAV,NASD
AEZS,NASD
AEMD,NASD
GNMX,NASD
AFMD,NASD
AGEN,NASD
AGRX,NASD
AGYS,NASD
AGIO,NASD
AGNC,NASD
AGNCB,NASD
AGNCN,NASD
AGFS,NASD
AGFSW,NASD
ALRN,NASD
AIMT,NASD
AIRT,NASD
ATSG,NASD
AIRG,NASD
AMCN,NASD
AKAM,NASD
AKTX,NASD
AKCA,NASD
AKBA,NASD
AKER,NASD
AKRX,NASD
AKTS,NASD
ALRM,NASD
ALSK,NASD
ALBO,NASD
ABDC,NASD
ALDR,NASD
ALDX,NASD
ALXN,NASD
ALCO,NASD
ALGN,NASD
ALIM,NASD
ALJJ,NASD
ALKS,NASD
ABTX,NASD
ALGT,NASD
ALNA,NASD
AHGP,NASD
AMMA,NASD
ARLP,NASD
AHPI,NASD
AMOT,NASD
ALQA,NASD
ALLT,NASD
MDRX,NASD
ALNY,NASD
AOSL,NASD
GOOG,NASD
GOOGL,NASD
SMCP,NASD
ATEC,NASD
ALPN,NASD
SWIN,NASD
AMR,NASD
AMRWW,NASD
AABA,NASD
ALTR,NASD
ALT,NASD
ASPS,NASD
AIMC,NASD
AMAG,NASD
AMRN,NASD
AMRK,NASD
AMZN,NASD
AMBC,NASD
AMBCW,NASD
AMBA,NASD
AMCX,NASD
DOX,NASD
AMDA,NASD
AMED,NASD
UHAL,NASD
AMRH,NASD
AMRHW,NASD
ATAX,NASD
AMOV,NASD
AAL,NASD
ACSF,NASD
AETI,NASD
AMNB,NASD
ANAT,NASD
AOBC,NASD
APEI,NASD
ARII,NASD
AMRB,NASD
AMSWA,NASD
AMSC,NASD
AMWD,NASD
CRMT,NASD
ABCB,NASD
AMSF,NASD
ASRV,NASD
ASRVP,NASD
ATLO,NASD
AMGN,NASD
FOLD,NASD
AMKR,NASD
AMPH,NASD
IBUY,NASD
ASYS,NASD
AFSI,NASD
AMRS,NASD
ADI,NASD
ALOG,NASD
ANAB,NASD
AVXL,NASD
ANCB,NASD
ANGI,NASD
ANGO,NASD
ANIP,NASD
ANIK,NASD
ANSS,NASD
ATRS,NASD
ANTH,NASD
APLS,NASD
APOG,NASD
APEN,NASD
AINV,NASD
AMEH,NASD
APPF,NASD
APPN,NASD
AAPL,NASD
ARCI,NASD
APDN,NASD
APDNW,NASD
AGTC,NASD
AMAT,NASD
AAOI,NASD
AREX,NASD
APTI,NASD
APRI,NASD
APVO,NASD
APTO,NASD
AQMS,NASD
AQB,NASD
AQXP,NASD
ARDM,NASD
ARLZ,NASD
PETX,NASD
ABUS,NASD
ARCW,NASD
ABIO,NASD
RKDA,NASD
ARCB,NASD
ACGL,NASD
ACGLO,NASD
ACGLP,NASD
APLP,NASD
FUV,NASD
ARCT,NASD
ARDX,NASD
ARNA,NASD
ARCC,NASD
ARGX,NASD
AGII,NASD
AGIIL,NASD
ARGS,NASD
ARKR,NASD
ARMO,NASD
ARTX,NASD
ARQL,NASD
ARRY,NASD
ARRS,NASD
DWCR,NASD
DWAT,NASD
AROW,NASD
ARWR,NASD
ASNS,NASD
ARTNA,NASD
ARTW,NASD
ASNA,NASD
ASND,NASD
ASCMA,NASD
APWC,NASD
ASML,NASD
ASPU,NASD
AZPN,NASD
ASMB,NASD
ASFI,NASD
ASTE,NASD
ATRO,NASD
ALOT,NASD
ASTC,NASD
ASUR,NASD
ASV,NASD
ATAI,NASD
ATRA,NASD
ATHN,NASD
ATNX,NASD
ATHX,NASD
ATAC,NASD
ATACR,NASD
ATACU,NASD
AAME,NASD
ACBI,NASD
ACFC,NASD
AY,NASD
ATLC,NASD
AAWW,NASD
AFH,NASD
AFHBL,NASD
TEAM,NASD
ATNI,NASD
ATOM,NASD
ATOS,NASD
ATRC,NASD
ATRI,NASD
ATTU,NASD
LIFE,NASD
AUBN,NASD
BOLD,NASD
AUDC,NASD
AUPH,NASD
EARS,NASD
ADSK,NASD
ADP,NASD
AUTO,NASD
AVDL,NASD
ATXI,NASD
AVEO,NASD
AVXS,NASD
AVNW,NASD
CDMO,NASD
CDMOP,NASD
AVID,NASD
AVGR,NASD
CAR,NASD
AHPA,NASD
AHPAU,NASD
AHPAW,NASD
AWRE,NASD
ACLS,NASD
AXGN,NASD
AAXN,NASD
AXON          ,NASD
AXSM,NASD
AXTI,NASD
AYTU,NASD
AZRX,NASD
BCOM,NASD
RILY,NASD
RILYG,NASD
RILYL,NASD
RILYZ,NASD
BOSC,NASD
BIDU,NASD
BCPC,NASD
BWINA,NASD
BWINB,NASD
BLDP,NASD
BANF,NASD
BANFP,NASD
BCTF,NASD
BAND,NASD
BOCH,NASD
BMRC,NASD
BMLP,NASD
BKSC,NASD
BOTJ,NASD
OZRK,NASD
BFIN,NASD
BWFG,NASD
BANR,NASD
BZUN,NASD
DFVL,NASD
DFVS,NASD
DLBL,NASD
DLBS,NASD
DTUL,NASD
DTUS,NASD
DTYL,NASD
DTYS,NASD
FLAT,NASD
STPP,NASD
TAPR,NASD
BHAC,NASD
BHACR,NASD
BHACU,NASD
BHACW,NASD
BBSI,NASD
BSET,NASD
BYBK,NASD
BCBP,NASD
BECN,NASD
BSF,NASD
BBGI,NASD
BBBY,NASD
BGNE,NASD
BELFA,NASD
BELFB,NASD
BLPH,NASD
BLCM,NASD
BNCL,NASD
BNFT,NASD
BNTC,NASD
BNTCW,NASD
BYSI,NASD
BGCP,NASD
BGFV,NASD
BRPA,NASD
BRPAR,NASD
BRPAU,NASD
BRPAW,NASD
BILI,NASD
BASI,NASD
ORPN,NASD
BIOC,NASD
BCRX,NASD
BDSI,NASD
BFRA,NASD
BIIB,NASD
BHTG,NASD
BKYI,NASD
BIOL,NASD
BLFS,NASD
BLRX,NASD
BMRN,NASD
BMRA,NASD
BVXV,NASD
BVXVW,NASD
BPTH,NASD
BIOS,NASD
BSTC,NASD
BSPM,NASD
TECH,NASD
BEAT,NASD
BTAI,NASD
BCAC,NASD
BCACR,NASD
BCACU,NASD
BCACW,NASD
BJRI,NASD
BBOX,NASD
BRAC,NASD
BRACR,NASD
BRACU,NASD
BRACW,NASD
BLKB,NASD
HAWK,NASD
BL,NASD
BKCC,NASD
ADRA,NASD
ADRD,NASD
ADRE,NASD
ADRU,NASD
BLNK,NASD
BLNKW,NASD
BLMN,NASD
BCOR,NASD
BLBD,NASD
BUFF,NASD
BHBK,NASD
BLUE,NASD
BKEP,NASD
BKEPP,NASD
BPMC,NASD
ITEQ,NASD
BMCH,NASD
BOFI,NASD
BOFIL,NASD
WIFI,NASD
BOJA,NASD
BOKF,NASD
BOKFL,NASD
BNSO,NASD
BKNG,NASD
BRQS,NASD
BOMN,NASD
BPFH,NASD
BPFHP,NASD
BPFHW,NASD
EPAY,NASD
BOXL,NASD
BCLI,NASD
BVNSC,NASD
BBRG,NASD
BDGE,NASD
BLIN          ,NASD
BWB,NASD
BRID,NASD
BCOV,NASD
BHF,NASD
AVGO,NASD
BVSN,NASD
BYFC,NASD
BWEN,NASD
BPY,NASD
BRKL,NASD
BRKS,NASD
BRKR,NASD
BMTC,NASD
BLMT,NASD
BSQR,NASD
BLDR,NASD
BUR,NASD
BFST,NASD
CFFI,NASD
CHRW,NASD
CA,NASD
CCMP,NASD
CDNS,NASD
CDZI,NASD
CZR,NASD
CSTE,NASD
PRSS,NASD
CLBS,NASD
CHY,NASD
CHI,NASD
CCD,NASD
CHW,NASD
CGO,NASD
CSQ,NASD
CAMP,NASD
CVGW,NASD
CALA,NASD
CALM,NASD
CLMT,NASD
CRUSC,NASD
CLXT,NASD
ABCD,NASD
CATC,NASD
CAC,NASD
CAMT,NASD
CSIQ,NASD
CGIX,NASD
CPHC,NASD
CPLA,NASD
CCBG,NASD
CPLP,NASD
CSWC,NASD
CSWCL,NASD
CPTA,NASD
CPTAG,NASD
CPTAL,NASD
CFFN,NASD
CAPR,NASD
CSTR,NASD
CPST,NASD
CARA,NASD
CARB,NASD
CRME,NASD
CSII,NASD
CDLX,NASD
CATM,NASD
CDNA,NASD
CECO,NASD
CTRE,NASD
CARG,NASD
CARO,NASD
CART,NASD
CRZO,NASD
TAST,NASD
CARV,NASD
CASM,NASD
CASA,NASD
CWST,NASD
CASY,NASD
CASI,NASD
CASS,NASD
CATB,NASD
CBIO,NASD
CPRX,NASD
CATS,NASD
CATY,NASD
CATYW,NASD
CVCO,NASD
CAVM,NASD
CBFV,NASD
CBAK,NASD
CBOE,NASD
CBTX,NASD
CDK,NASD
CDTI,NASD
CDW,NASD
CECE,NASD
CELC,NASD
CELG,NASD
CELGZ,NASD
CLDX,NASD
APOP,NASD
APOPW,NASD
CLRB,NASD
CLRBW,NASD
CLRBZ,NASD
CLLS,NASD
CBMG,NASD
CLSN,NASD
CELH,NASD
CYAD,NASD
CETX,NASD
CETXP,NASD
CETXW,NASD
CDEV,NASD
CSFL,NASD
CETV,NASD
CFBK,NASD
CENT,NASD
CENTA,NASD
CVCY,NASD
CENX,NASD
CNBKA,NASD
CNTY,NASD
CRNT,NASD
CERC,NASD
CERCW,NASD
CERN,NASD
CERS,NASD
KOOL,NASD
CEVA,NASD
CSBR,NASD
CYOU,NASD
BURG,NASD
CTHR,NASD
GTLS,NASD
CHTR,NASD
CHFN,NASD
CHKP,NASD
CHEK,NASD
CHEKW,NASD
CKPT,NASD
CEMI,NASD
CHFC,NASD
CCXI,NASD
CHMG,NASD
CHKE,NASD
CHFS,NASD
CHMA,NASD
CSSE,NASD
PLCE,NASD
CMRX,NASD
CADC,NASD
CALI,NASD
CAAS,NASD
CBPO,NASD
CCCL,NASD
CCCR,NASD
CCRC,NASD
JRJC,NASD
HGSH,NASD
CNIT,NASD
CIFS,NASD
CJJD,NASD
CLDC,NASD
HTHT,NASD
CHNR,NASD
CREG,NASD
CNTF,NASD
CXDC,NASD
CCIH,NASD
CNET,NASD
IMOS,NASD
CDXC,NASD
CHSCL,NASD
CHSCM,NASD
CHSCN,NASD
CHSCO,NASD
CHSCP,NASD
CHDN,NASD
CHUY,NASD
CDTX,NASD
CMCT,NASD
CMCTP,NASD
CMPR,NASD
CINF,NASD
CIDM,NASD
CTAS,NASD
CRUS,NASD
CSCO,NASD
CTRN,NASD
CTXR,NASD
CTXRW,NASD
CZNC,NASD
CZWI,NASD
CZFC,NASD
CIZN,NASD
CTXS,NASD
CHCO,NASD
CIVB,NASD
CIVBP,NASD
CLAR,NASD
CLNE,NASD
CACG,NASD
YLDE,NASD
LRGE,NASD
CLFD,NASD
CLRO,NASD
CLSD,NASD
CLIR,NASD
CLIRW,NASD
CMTA,NASD
CBLI,NASD
CLVS,NASD
CMFN,NASD
CMSS,NASD
CMSSR,NASD
CMSSU,NASD
CMSSW,NASD
CME,NASD
CCNE,NASD
CWAY,NASD
COBZ,NASD
COKE,NASD
COCP,NASD
CODA,NASD
CDXS,NASD
CODX,NASD
CVLY,NASD
JVA,NASD
CCOI,NASD
CGNT,NASD
COGT,NASD
CGNX,NASD
CTSH,NASD
CWBR,NASD
COHR,NASD
CHRS,NASD
COHU,NASD
CLCT,NASD
COLL,NASD
CIGI,NASD
CLGN,NASD
CBAN,NASD
COLB,NASD
COLM,NASD
CMCO,NASD
CMCSA,NASD
CBSH,NASD
CBSHP,NASD
CHUBA,NASD
CHUBK,NASD
CVGI,NASD
COMM,NASD
JCS,NASD
ESXB,NASD
CFBI,NASD
CYHHZ,NASD
CTBI,NASD
CWBC,NASD
CVLT,NASD
CGEN,NASD
CPSI,NASD
CTG,NASD
CHCI,NASD
CMTL,NASD
CNAT,NASD
CNCE,NASD
CXRX,NASD
CDOR,NASD
CFMS,NASD
CNFR,NASD
CNMD,NASD
CTWS,NASD
CNOB,NASD
CONN,NASD
CNSL,NASD
CWCO,NASD
CNAC,NASD
CNACR,NASD
CNACU,NASD
CNACW,NASD
CPSS,NASD
CFRX,NASD
CTRV,NASD
CTRL,NASD
CVON,NASD
CVONW,NASD
CPRT,NASD
CRBP,NASD
CORT,NASD
CORE,NASD
CORI,NASD
CSOD,NASD
CRVL,NASD
CRVS,NASD
CSGP,NASD
COST,NASD
CPAH,NASD
ICBK,NASD
COUP,NASD
CVTI,NASD
COWN,NASD
COWNZ,NASD
PMTS,NASD
CPSH,NASD
CRAI,NASD
CBRL,NASD
BREW,NASD
CRAY,NASD
CACC,NASD
DGLD,NASD
DSLV,NASD
GLDI,NASD
SLVO,NASD
TVIX,NASD
TVIZ,NASD
UGLD,NASD
USLV,NASD
USOI,NASD
VIIX,NASD
VIIZ,NASD
ZIV,NASD
CREE,NASD
CRESY,NASD
CRSP,NASD
CRTO,NASD
CROX,NASD
CRON,NASD
CCRN,NASD
CRWS,NASD
CYRX,NASD
CYRXW,NASD
CSGS,NASD
CCLP,NASD
CSPI,NASD
CSWI,NASD
CSX,NASD
CTIC,NASD
CTIB,NASD
CTRP,NASD
CUE,NASD
CUI,NASD
CPIX,NASD
CRIS,NASD
CUTR,NASD
CVBF,NASD
CVV,NASD
CYAN,NASD
CYBR,NASD
CYBE,NASD
CYCC,NASD
CYCCP,NASD
CBAY,NASD
CY,NASD
CYRN,NASD
CONE,NASD
CYTK,NASD
CTMX,NASD
CYTX,NASD
CYTXW,NASD
CTSO,NASD
CYTR,NASD
DJCO,NASD
DAKT,NASD
DARE,NASD
DRIO,NASD
DRIOW,NASD
DZSI,NASD
DSKE,NASD
DSKEW,NASD
DAIO,NASD
DWCH,NASD
PLAY,NASD
DTEA,NASD
DFNL,NASD
DINT,NASD
DUSA,NASD
DWLD,NASD
DWSN,NASD
DBVT,NASD
DCPH,NASD
DFRG,NASD
TACO,NASD
TACOW,NASD
DMPI,NASD
DELT,NASD
DNLI,NASD
DENN,NASD
XRAY,NASD
DEPO,NASD
DERM,NASD
DEST,NASD
DXLG,NASD
DSWL,NASD
DTRM,NASD
DXCM,NASD
DFBHU,NASD
DHXM,NASD
DHIL,NASD
FANG,NASD
DCIX,NASD
DRNA,NASD
DFBG,NASD
DFFN,NASD
DGII,NASD
DMRC,NASD
DRAD,NASD
DGLY,NASD
APPS,NASD
DCOM,NASD
DIOD,NASD
DISCA,NASD
DISCB,NASD
DISCK,NASD
DISH,NASD
DVCR,NASD
SAUC,NASD
DLHC,NASD
BOOM,NASD
DNBF,NASD
DOGZ,NASD
DLTR,NASD
DLPN,NASD
DLPNW,NASD
DGICA,NASD
DGICB,NASD
DMLP,NASD
DORM,NASD
DOVA,NASD
LYL,NASD
DOTA,NASD
DOTAR,NASD
DOTAU,NASD
DOTAW,NASD
DBX,NASD
DCAR,NASD
DRYS,NASD
DSPG,NASD
DLTH,NASD
DNKN,NASD
DRRX,NASD
DXPE,NASD
DYSL,NASD
DYNT,NASD
DVAX,NASD
ETFC,NASD
EBMT,NASD
EGBN,NASD
EGLE,NASD
EFBI,NASD
EGRX,NASD
EWBC,NASD
EACQ,NASD
EACQU,NASD
EACQW,NASD
EML,NASD
EAST,NASD
EASTW,NASD
EVGBC,NASD
EVSTC,NASD
EVFTC,NASD
EVLMC,NASD
OKDCC,NASD
EBAY,NASD
EBAYL,NASD
EBIX,NASD
ELON,NASD
ECHO,NASD
SATS,NASD
EEI,NASD
ESES,NASD
EDAP,NASD
EDGE,NASD
EDGW,NASD
EDIT,NASD
EDUC,NASD
EGAN,NASD
EGLT,NASD
EHTH,NASD
EIGR,NASD
EKSO,NASD
LOCO,NASD
EMITF,NASD
ESLT,NASD
ERI,NASD
ESIO,NASD
EA,NASD
EFII,NASD
ELSE,NASD
ELEC,NASD
ELECU,NASD
ELECW,NASD
EBIO,NASD
DWAC,NASD
ESBK,NASD
ELTK,NASD
EMCI,NASD
EMCF,NASD
EMKR,NASD
EMMS,NASD
NYNY,NASD
ENTA,NASD
ECPG,NASD
WIRE,NASD
ENDP,NASD
ECYT,NASD
ELGX,NASD
NDRA,NASD
NDRAW,NASD
EIGI,NASD
WATT,NASD
EFOI,NASD
ERII,NASD
EGC,NASD
ENG,NASD
ENPH,NASD
ESGR,NASD
ENFC,NASD
ENTG,NASD
EBTC,NASD
EFSC,NASD
EPZM,NASD
PLUS,NASD
EQIX,NASD
EQFN,NASD
EQBK,NASD
ERIC,NASD
ERIE,NASD
ERYP,NASD
ESCA,NASD
ESPR,NASD
ESQ,NASD
ESSA,NASD
EPIX,NASD
ESND,NASD
ESTR,NASD
ESTRW,NASD
VBND,NASD
VUSE,NASD
VIDI,NASD
ETSY,NASD
CLWT,NASD
EEFT,NASD
ESEA,NASD
EVEP,NASD
EVBG,NASD
EVK,NASD
MRAM,NASD
EVLV,NASD
EVFM,NASD
EVGN,NASD
EVOK,NASD
EOLS,NASD
EVOL,NASD
EXAS,NASD
FLAG,NASD
XELA,NASD
EXEL,NASD
EXFO,NASD
EXLS,NASD
EXPE,NASD
EXPD,NASD
EXPO,NASD
ESRX,NASD
XOG,NASD
EXTR,NASD
EYEG,NASD
EYEGW,NASD
EYEN,NASD
EYPT,NASD
EZPW,NASD
FFIV,NASD
FB,NASD
DAVE,NASD
FANH,NASD
FARM,NASD
FMAO,NASD
FFKT,NASD
FMNB,NASD
FAMI,NASD
FARO,NASD
FAST,NASD
FAT,NASD
FATE,NASD
FBSS,NASD
FCRE,NASD
FSAC,NASD
FSACU,NASD
FSACW,NASD
FNHC,NASD
FENC,NASD
GSM,NASD
FFBW,NASD
FCSC,NASD
FGEN,NASD
FDBC,NASD
ONEQ,NASD
LION,NASD
FDUS,NASD
FDUSL,NASD
FRGI,NASD
FITB,NASD
FITBI,NASD
FNGN,NASD
FISI,NASD
FNSR,NASD
FNJN,NASD
FNTE,NASD
FNTEU,NASD
FNTEW,NASD
FEYE,NASD
FBNC,NASD
FNLC,NASD
FRBA,NASD
BUSE,NASD
FBIZ,NASD
FCAP,NASD
FCFS,NASD
FCNCA,NASD
FCBC,NASD
FCCO,NASD
FBNK,NASD
FDEF,NASD
FFBC,NASD
FFBCW,NASD
FFIN,NASD
THFF,NASD
FFNW,NASD
FFWM,NASD
FGBI,NASD
FHB,NASD
INBK,NASD
INBKL,NASD
FIBK,NASD
FRME,NASD
FMBH,NASD
FMBI,NASD
FNWB,NASD
FSFG,NASD
FSLR,NASD
FAAR,NASD
FPA,NASD
BICK,NASD
FBZ,NASD
FTHI,NASD
FCAL,NASD
FCAN,NASD
FTCS,NASD
FCEF,NASD
FCA,NASD
SKYY,NASD
RNDM,NASD
FDT,NASD
FDTS,NASD
FVC,NASD
FV,NASD
IFV,NASD
DWPP,NASD
FEM,NASD
RNEM,NASD
FEMB,NASD
FEMS,NASD
FTSM,NASD
FEP,NASD
FEUZ,NASD
FGM,NASD
FTGC,NASD
FTLB,NASD
HYLS,NASD
FHK,NASD
FTAG,NASD
FTRI,NASD
LEGR,NASD
FPXI,NASD
YDIV,NASD
FJP,NASD
FEX,NASD
FTC,NASD
RNLC,NASD
FTA,NASD
FLN,NASD
LMBS,NASD
FMB,NASD
FMK,NASD
FNX,NASD
FNY,NASD
RNMC,NASD
FNK,NASD
FAD,NASD
FAB,NASD
MDIV,NASD
MCEF,NASD
FMHI,NASD
QABA,NASD
ROBT,NASD
FTXO,NASD
QCLN,NASD
GRID,NASD
CIBR,NASD
FTXG,NASD
CARZ,NASD
FTXN,NASD
FTXH,NASD
FTXD,NASD
FTXL,NASD
FONE,NASD
TDIV,NASD
FTXR,NASD
QQEW,NASD
QQXT,NASD
QTEC,NASD
AIRR,NASD
QINC,NASD
RDVY,NASD
RFAP,NASD
RFDI,NASD
RFEM,NASD
RFEU,NASD
FTSL,NASD
FYX,NASD
FYC,NASD
RNSC,NASD
FYT,NASD
SDVY,NASD
FKO,NASD
FCVT,NASD
FDIV,NASD
FSZ,NASD
FTW,NASD
FIXD,NASD
TUSA,NASD
FKU,NASD
RNDV,NASD
FUNC,NASD
FUSB,NASD
SVVC,NASD
FSV,NASD
FISV,NASD
FIVE,NASD
FPRX,NASD
FVE,NASD
FIVN,NASD
FLEX,NASD
FLKS,NASD
FLXN,NASD
SKOR,NASD
LKOR,NASD
MBSD,NASD
ASET,NASD
ESGG,NASD
ESG,NASD
QLC,NASD
FPAY,NASD
FLXS,NASD
FLIR,NASD
FLDM,NASD
FFIC,NASD
FNBG,NASD
FNCB,NASD
FOMX,NASD
FONR,NASD
FSCT,NASD
FRSX,NASD
FORM,NASD
FORTY,NASD
FORR,NASD
FRTA,NASD
FTNT,NASD
FBIO,NASD
FBIOP,NASD
FWRD,NASD
FORD,NASD
FWP,NASD
FOSL,NASD
FMI,NASD
FOXF,NASD
FRAN,NASD
FELE,NASD
FRED,NASD
RAIL,NASD
FEIM,NASD
FRPT,NASD
FTEO,NASD
FTR,NASD
FTRPR,NASD
FRPH,NASD
FSBW,NASD
FSBC,NASD
FTD,NASD
FTEK,NASD
FCEL,NASD
FLGT,NASD
FORK,NASD
FLL,NASD
FULT,NASD
FNKO,NASD
FSNN,NASD
FTFT,NASD
FFHL,NASD
WILC,NASD
GTHX,NASD
FOANC,NASD
GRBIC,NASD
MOGLC,NASD
GAIA,NASD
GLPG,NASD
GALT,NASD
GLMD,NASD
GLPI,NASD
GPIC,NASD
GRMN,NASD
GARS,NASD
GLIBA,NASD
GLIBP,NASD
GDS,NASD
GEMP,NASD
GENC,NASD
GFN,NASD
GFNCP,NASD
GFNSL,NASD
GENE,NASD
GNUS,NASD
GNMK,NASD
GNCA,NASD
GHDX,NASD
GNPX,NASD
GNTX,NASD
THRM,NASD
GEOS,NASD
GABC,NASD
GERN,NASD
GEVO,NASD
ROCK,NASD
GIGM,NASD
GIII,NASD
GILT,NASD
GILD,NASD
GBCI,NASD
GLAD,NASD
GLADN,NASD
GOOD,NASD
GOODM,NASD
GOODO,NASD
GOODP,NASD
GAIN,NASD
GAINM,NASD
GAINN,NASD
GAINO,NASD
LAND,NASD
LANDP,NASD
GLBZ,NASD
GBT,NASD
ENT,NASD
GBLI,NASD
GBLIL,NASD
GBLIZ,NASD
SELF,NASD
GWRS,NASD
KRMA,NASD
FINX,NASD
BFIT,NASD
SNSR,NASD
LNGR,NASD
MILN,NASD
EFAS,NASD
QQQC,NASD
BOTZ,NASD
CATH,NASD
SOCL,NASD
ALTY,NASD
SRET,NASD
YLCO,NASD
GLBS,NASD
GLUU,NASD
GLYC,NASD
GOGO,NASD
GLNG,NASD
GMLP,NASD
GMLPP,NASD
DNJR,NASD
GDEN,NASD
GOGL,NASD
GBDC,NASD
GTIM,NASD
GPRO,NASD
GPAQ,NASD
GPAQU,NASD
GPAQW,NASD
GSHT,NASD
GSHTU,NASD
GSHTW,NASD
GOV,NASD
GOVNI,NASD
LOPE,NASD
GRVY,NASD
GECC,NASD
GECCL,NASD
GECCM,NASD
GEC,NASD
GLDD,NASD
GSBC,NASD
GNBC,NASD
GRBK,NASD
GPP,NASD
GPRE,NASD
GCBC,NASD
GLRE,NASD
GSUM,NASD
GRIF,NASD
GRFS,NASD
GRPN,NASD
OMAB,NASD
GGAL,NASD
GSIT,NASD
GSVC,NASD
GTXI,NASD
GTYH,NASD
GTYHU,NASD
GTYHW,NASD
GBNK,NASD
GNTY,NASD
GFED,NASD
GIFI,NASD
GURE,NASD
GPOR,NASD
GWPH,NASD
GWGH,NASD
GYRO,NASD
HEES,NASD
HLG,NASD
HNRG,NASD
HALL,NASD
HALO,NASD
HBK,NASD
HLNE,NASD
HBHC,NASD
HBHCL,NASD
HAFC,NASD
HQCL,NASD
HONE,NASD
HDNG,NASD
HLIT,NASD
HFGIC,NASD
HBIO,NASD
HCAP,NASD
HCAPZ,NASD
HAS,NASD
HA,NASD
HCOM,NASD
HWKN,NASD
HWBK,NASD
HYAC,NASD
HYACU,NASD
HYACW,NASD
HAYN,NASD
HDS,NASD
HIIQ,NASD
HCSG,NASD
HQY,NASD
HSTM,NASD
HTLD,NASD
HTLF,NASD
HTBX,NASD
HEBT,NASD
HSII,NASD
HELE,NASD
HMNY,NASD
HMTV,NASD
HNNA,NASD
HSIC,NASD
HTBK,NASD
HFWA,NASD
HCCI,NASD
MLHR,NASD
HRTX,NASD
HSKA,NASD
HX,NASD
HIBB,NASD
SNLN,NASD
HPJ,NASD
HIHO,NASD
HIMX,NASD
HIFS,NASD
HSGX,NASD
HMNF,NASD
HMSY,NASD
HOLI,NASD
HOLX,NASD
HBCP,NASD
HOMB,NASD
HFBL,NASD
HMST,NASD
HMTA,NASD
HTBI,NASD
FIXX,NASD
HOFT,NASD
HOPE,NASD
HFBC,NASD
HBNC,NASD
HZNP,NASD
HRZN,NASD
DAX,NASD
QYLD,NASD
HDP,NASD
HPT,NASD
TWNK,NASD
TWNKW,NASD
HMHC,NASD
HWCC,NASD
HOVNP,NASD
HBMD,NASD
HTGM,NASD
HUBG,NASD
HSON,NASD
HDSN,NASD
HUNT,NASD
HUNTU,NASD
HUNTW,NASD
HBAN,NASD
HBANN,NASD
HBANO,NASD
HURC,NASD
HURN,NASD
HCM,NASD
HBP,NASD
HVBC,NASD
HYGS,NASD
IDSY,NASD
IAC,NASD
IAM,NASD
IAMXR,NASD
IAMXW,NASD
IBKC,NASD
IBKCO,NASD
IBKCP,NASD
ICAD,NASD
IEP,NASD
ICCH,NASD
ICFI,NASD
ICHR,NASD
ICLK,NASD
ICLR,NASD
ICON,NASD
ICUI,NASD
IPWR,NASD
INVE,NASD
IDRA,NASD
IDXX,NASD
IESC,NASD
IROQ,NASD
IFMK,NASD
INFO,NASD
IIVI,NASD
KANG,NASD
IKNX,NASD
ILG,NASD
ILMN,NASD
ISNS,NASD
IMMR,NASD
ICCC,NASD
IMDZ,NASD
IMNP          ,NASD
IMGN,NASD
IMMU,NASD
IMRN,NASD
IMRNW,NASD
IMMP,NASD
IPXL,NASD
IMPV,NASD
PI,NASD
IMMY,NASD
INCY,NASD
INDB,NASD
IBCP,NASD
IBTX,NASD
INDU,NASD
INDUU,NASD
INDUW,NASD
ILPT,NASD
IDSA,NASD
INFN,NASD
INFI,NASD
IPCC,NASD
IFRX,NASD
III,NASD
IFON,NASD
IEA,NASD
IEAWW,NASD
IMKTA,NASD
INWK,NASD
INOD,NASD
IPHS,NASD
IOSP,NASD
INNT,NASD
ISSC,NASD
INVA,NASD
INGN,NASD
INOV,NASD
INO,NASD
INPX,NASD
INSG,NASD
NSIT,NASD
ISIG,NASD
INSM,NASD
INSE,NASD
IIIN,NASD
PODD,NASD
INSY,NASD
NTEC,NASD
IART,NASD
IDTI,NASD
IMTE,NASD
INTC,NASD
NTLA,NASD
IPCI,NASD
IPAR,NASD
IBKR,NASD
ICPT,NASD
IDCC,NASD
TILE,NASD
LINK,NASD
IMI,NASD
INAP,NASD
IBOC,NASD
ISCA,NASD
IGLD,NASD
IIJI,NASD
IDXG,NASD
XENT,NASD
INTX,NASD
IVAC,NASD
INTL,NASD
ITCI,NASD
IIN,NASD
INTU,NASD
ISRG,NASD
ISTR,NASD
ISBC,NASD
ITIC,NASD
NVIV,NASD
IVTY,NASD
IONS,NASD
IOVA,NASD
IPAS,NASD
IPGP,NASD
IPIC,NASD
CLRG,NASD
CSML,NASD
IQ,NASD
IRMD,NASD
IRTC,NASD
IRIX,NASD
IRDM,NASD
IRDMB,NASD
IRBT,NASD
IRWD,NASD
IRCP,NASD
PMPT,NASD
SLQD,NASD
CSJ,NASD
ISHG,NASD
SHY,NASD
TLT,NASD
IEI,NASD
IEF,NASD
AIA,NASD
COMT,NASD
ISTB,NASD
IXUS,NASD
IUSG,NASD
IUSV,NASD
IUSB,NASD
HEWG,NASD
SUSB,NASD
SUSC,NASD
XT,NASD
FALN,NASD
IFEU,NASD
IFGL,NASD
IGF,NASD
GNMA,NASD
HYXE,NASD
CIU,NASD
IGOV,NASD
EMB,NASD
MBB,NASD
JKI,NASD
ACWX,NASD
ACWI,NASD
AAXJ,NASD
EWZS,NASD
MCHI,NASD
ESGD,NASD
SCZ,NASD
ESGE,NASD
EEMA,NASD
EMXC,NASD
EUFN,NASD
IEUS,NASD
RING,NASD
MPCT,NASD
ENZL,NASD
QAT,NASD
TUR,NASD
UAE,NASD
ESGU,NASD
IBB,NASD
SOXX,NASD
AMCA,NASD
EMIF,NASD
ICLN,NASD
WOOD,NASD
INDY,NASD
IJT,NASD
DVY,NASD
SHV,NASD
CRED,NASD
PFF,NASD
ISRL,NASD
ITI,NASD
ITRI,NASD
ITRN,NASD
ITUS,NASD
IVENC,NASD
IVFGC,NASD
IVFVC,NASD
IZEA,NASD
JJSF,NASD
MAYS,NASD
JBHT,NASD
JCOM,NASD
JASO,NASD
JKHY,NASD
JACK,NASD
JXSB,NASD
JAGX,NASD
JAKK,NASD
JMBA,NASD
JRVR,NASD
SGQI,NASD
JSML,NASD
JSMD,NASD
JASN,NASD
JASNW,NASD
JAZZ,NASD
JD,NASD
JSYN,NASD
JSYNR,NASD
JSYNU,NASD
JSYNW,NASD
JBLU,NASD
JTPY,NASD
JCTCF,NASD
JMU,NASD
JBSS,NASD
JOUT,NASD
JNCE,NASD
JNP,NASD
KTWO,NASD
KALU,NASD
KALA,NASD
KALV,NASD
KMDA,NASD
KNDI,NASD
KPTI,NASD
KAAC,NASD
KAACU,NASD
KAACW,NASD
KZIA,NASD
KBLM,NASD
KBLMR,NASD
KBLMU,NASD
KBLMW,NASD
KBSF,NASD
KCAP,NASD
KCAPL,NASD
KRNY,NASD
KELYA,NASD
KELYB,NASD
KMPH,NASD
KFFB,NASD
KERX,NASD
KEQU,NASD
KTCC,NASD
KFRC,NASD
KE,NASD
KBAL,NASD
KIN,NASD
KGJI,NASD
KINS,NASD
KONE,NASD
KNSL,NASD
KIRK,NASD
KTOV,NASD
KTOVW,NASD
KLAC,NASD
KLXI,NASD
KONA,NASD
KOPN,NASD
KRNT,NASD
KOSS,NASD
KWEB,NASD
KTOS,NASD
KRYS,NASD
KLIC,NASD
KURA,NASD
KVHI,NASD
FSTR,NASD
LJPC,NASD
LSBK,NASD
LBAI,NASD
LKFN,NASD
LAKE,NASD
LRCX,NASD
LAMR,NASD
LANC,NASD
LCA,NASD
LCAHU,NASD
LCAHW,NASD
LNDC,NASD
LARK,NASD
LMRK,NASD
LMRKO,NASD
LMRKP,NASD
LE,NASD
LSTR,NASD
LNTH,NASD
LTRX,NASD
LSCC,NASD
LAUR,NASD
LAWS,NASD
LAYN,NASD
LAZY,NASD
LCNB,NASD
LBIX,NASD
LPTX,NASD
LGCY,NASD
LGCYO,NASD
LGCYP,NASD
LTXB,NASD
DDBI,NASD
EDBI,NASD
INFR,NASD
LVHD,NASD
SQLV,NASD
UDBI,NASD
LACQ,NASD
LACQU,NASD
LACQW,NASD
LMAT,NASD
TREE,NASD
LXRX,NASD
LX,NASD
LGIH,NASD
LHCG,NASD
LLIT,NASD
LBRDA,NASD
LBRDK,NASD
LEXEA,NASD
LEXEB,NASD
LBTYA,NASD
LBTYB,NASD
LBTYK,NASD
LILA,NASD
LILAK,NASD
BATRA,NASD
BATRK,NASD
FWONA,NASD
FWONK,NASD
LSXMA,NASD
LSXMB,NASD
LSXMK,NASD
TAX,NASD
LTRPA,NASD
LTRPB,NASD
LPNT,NASD
LCUT,NASD
LFVN,NASD
LWAY,NASD
LGND,NASD
LTBR,NASD
LPTH,NASD
LLEX,NASD
LMB,NASD
LLNW,NASD
LMNR,NASD
LINC,NASD
LECO,NASD
LIND,NASD
LINDW,NASD
LINU,NASD
LPCN,NASD
LQDT,NASD
LFUS,NASD
LIVN,NASD
LOB,NASD
LIVE,NASD
LPSN,NASD
LIVX,NASD
LKQ,NASD
LMFA,NASD
LMFAW,NASD
LOGI,NASD
LOGM,NASD
CNCR,NASD
LONE,NASD
LBCC,NASD
LFIN,NASD
LOOP,NASD
LORL,NASD
LOXO,NASD
LPLA,NASD
LRAD,NASD
LYTS,NASD
LULU,NASD
LITE,NASD
LMNX,NASD
LUNA,NASD
LBC,NASD
MBTF,NASD
MACQ,NASD
MACQU,NASD
MACQW,NASD
MBVX,NASD
MCBC,NASD
MFNC,NASD
MTSI,NASD
MGNX,NASD
MDGL,NASD
MAGS,NASD
MGLN,NASD
MGIC,NASD
CALL,NASD
MNGA,NASD
MGYR,NASD
MHLD,NASD
MMYT,NASD
MBUU,NASD
MLVF,NASD
MAMS,NASD
TUSK,NASD
RPIBC,NASD
MANH,NASD
LOAN,NASD
MNTX,NASD
MTEX,NASD
MNKD,NASD
MANT,NASD
MARA,NASD
MCHX,NASD
MARPS,NASD
MRNS,NASD
MKTX,NASD
MRLN,NASD
MAR,NASD
MBII,NASD
MRTN,NASD
MMLP,NASD
MRVL,NASD
MASI,NASD
MTCH,NASD
MTLS,NASD
MPAC,NASD
MPACU,NASD
MPACW,NASD
MTRX,NASD
MAT,NASD
MATR,NASD
MATW,NASD
MXIM,NASD
MXWL,NASD
MZOR,NASD
MBFI,NASD
MBFIO,NASD
MCFT,NASD
MGRC,NASD
MDCA,NASD
MFIN,NASD
MFINL,NASD
MTBC,NASD
MTBCP,NASD
MNOV,NASD
MDSO,NASD
MDGS,NASD
MDWD,NASD
MEDP,NASD
MEIP,NASD
MLCO,NASD
MLNT,NASD
MLNX,NASD
MELR,NASD
MNLO,NASD
MTSL,NASD
MELI,NASD
MBWM,NASD
MERC,NASD
MBIN,NASD
MRCY,NASD
EBSB,NASD
MRBK,NASD
VIVO,NASD
MRDN,NASD
MRDNW,NASD
MMSI,NASD
MACK,NASD
MRSN,NASD
MRUS,NASD
MLAB,NASD
MESO,NASD
CASH,NASD
MEOH,NASD
MGEE,NASD
MGPI,NASD
MBOT,NASD
MCHP,NASD
MU,NASD
MICT,NASD
MICTW,NASD
MSCC,NASD
MSFT,NASD
MSTR,NASD
MVIS,NASD
MPB,NASD
MTP,NASD
MCEP,NASD
MBCN,NASD
MSEX,NASD
MSBI,NASD
MOFG,NASD
MIME,NASD
MDXG,NASD
MNDO,NASD
MB,NASD
NERV,NASD
MGEN,NASD
MRTX,NASD
MSON,NASD
MIND,NASD
MINDP,NASD
MITK,NASD
MITL,NASD
MKSI,NASD
MMAC,NASD
MINI,NASD
MOBL,NASD
MMDM,NASD
MMDMR,NASD
MMDMU,NASD
MMDMW,NASD
MTEM,NASD
MBRX,NASD
MNTA,NASD
MOMO,NASD
MKGI,NASD
MCRI,NASD
MDLZ,NASD
MGI,NASD
MDB,NASD
MPWR,NASD
TYPE,NASD
MNRO,NASD
MRCC,NASD
MNST,NASD
MORN,NASD
MOSY,NASD
MTFB,NASD
MTFBW,NASD
MPAA,NASD
MOTS,NASD
MPVD,NASD
MOXC,NASD
MSBF,NASD
MTEC,NASD
MTECU,NASD
MTECW,NASD
MTGE,NASD
MTGEP,NASD
MTSC,NASD
MUDS,NASD
MUDSU,NASD
MUDSW,NASD
LABL,NASD
MBIO,NASD
MFSF,NASD
MVBF,NASD
MYSZ,NASD
MYL,NASD
MYND,NASD
MYNDW,NASD
MYOK,NASD
MYOS,NASD
MYRG,NASD
MYGN,NASD
NBRV,NASD
NAKD,NASD
NNDM,NASD
NANO,NASD
NSTG,NASD
NAOV,NASD
NH,NASD
NK,NASD
NSSC,NASD
NDAQ,NASD
NTRA,NASD
NATH,NASD
NAUH,NASD
NKSH,NASD
FIZZ,NASD
NCMI,NASD
NCOM,NASD
NESR,NASD
NESRW,NASD
NGHC,NASD
NGHCN,NASD
NGHCO,NASD
NGHCP,NASD
NGHCZ,NASD
NHLD,NASD
NHLDW,NASD
NATI,NASD
NRCIA,NASD
NRCIB,NASD
NSEC,NASD
EYE,NASD
NWLI,NASD
NAII,NASD
NHTC,NASD
NATR,NASD
BABY,NASD
JSM,NASD
NAVI,NASD
NBTB,NASD
NCSM,NASD
NEBU,NASD
NEBUU,NASD
NEBUW,NASD
NKTR,NASD
NMRD,NASD
NEOG,NASD
NEO,NASD
NEON,NASD
NEOS,NASD
NVCN,NASD
NEPT,NASD
UEPS,NASD
NETE,NASD
NTAP,NASD
NTES,NASD
NFLX,NASD
NTGR,NASD
NLST,NASD
NTCT,NASD
NTWK,NASD
CUR,NASD
NBIX,NASD
NURO,NASD
NUROW,NASD
NTRP,NASD
NBEV,NASD
NYMT,NASD
NYMTN,NASD
NYMTO,NASD
NYMTP,NASD
NEWA,NASD
NLNK,NASD
NMRK,NASD
NWS,NASD
NWSA,NASD
NEWT,NASD
NEWTI,NASD
NEWTZ,NASD
NXEO,NASD
NXEOU,NASD
NXEOW,NASD
NXST,NASD
NEXT,NASD
NFEC,NASD
NODK,NASD
EGOV,NASD
NICE,NASD
NICK,NASD
NCBS,NASD
NITE,NASD
NIHD,NASD
NMIH,NASD
NNBR,NASD
NDLS,NASD
NDSN,NASD
NSYS,NASD
NBN,NASD
NTIC,NASD
NTRS,NASD
NTRSP,NASD
NFBK,NASD
NRIM,NASD
NWBI,NASD
NWPX,NASD
NCLH,NASD
NWFL,NASD
NVFY,NASD
NVMI,NASD
NOVN,NASD
NOVT,NASD
NVAX,NASD
NVLN,NASD
NVCR,NASD
NVMM,NASD
NVUS,NASD
NUAN,NASD
NCNA,NASD
NTNX,NASD
NTRI,NASD
NUVA,NASD
NVTR,NASD
QQQX,NASD
NVEE,NASD
NVEC,NASD
NVDA,NASD
NXPI,NASD
NXTM,NASD
NXTD,NASD
NXTDW,NASD
NYMX,NASD
OIIM,NASD
OVLY,NASD
OCSL,NASD
OCSLL,NASD
OCSI,NASD
OASM,NASD
OBLN,NASD
OBSV,NASD
OBCI,NASD
OPTT,NASD
ORIG,NASD
OCFC,NASD
OCLR,NASD
OFED,NASD
OCUL,NASD
ODT,NASD
OMEX,NASD
ODP,NASD
OFS,NASD
OHAI,NASD
OVBC,NASD
OHRP,NASD
OKTA,NASD
ODFL,NASD
OLBK,NASD
ONB,NASD
OPOF,NASD
OSBC,NASD
OSBCP,NASD
OLLI,NASD
ZEUS,NASD
OFLX,NASD
OMER,NASD
OMNT,NASD
OMCL,NASD
ON,NASD
OTIV,NASD
ONS,NASD
ONSIW,NASD
ONSIZ,NASD
OMED,NASD
ONTX,NASD
ONTXW,NASD
ONCS,NASD
OHGI,NASD
OSS,NASD
OPBK,NASD
OTEX,NASD
OPES,NASD
OPESU,NASD
OPESW,NASD
OPGN,NASD
OPGNW,NASD
OPHT,NASD
OPNT,NASD
OPK,NASD
OBAS,NASD
OCC,NASD
OPHC,NASD
OPTN,NASD
OPB,NASD
ORMP,NASD
OSUR,NASD
ORBC,NASD
ORBK,NASD
ORLY,NASD
ONVO,NASD
ORGS,NASD
SEED,NASD
OESX,NASD
ORIT,NASD
ORRF,NASD
OFIX,NASD
KIDS,NASD
OSIS,NASD
OSPR,NASD
OSPRU,NASD
OSPRW,NASD
OSN,NASD
OTEL,NASD
OTIC,NASD
OTTW,NASD
OTTR,NASD
OVAS,NASD
OSTK,NASD
OVID,NASD
OXBR,NASD
OXBRW,NASD
OXFD,NASD
OXLC,NASD
OXLCM,NASD
OXLCO,NASD
OXSQ,NASD
OXSQL,NASD
PFIN,NASD
PTSI,NASD
PCAR,NASD
VETS,NASD
PACB,NASD
PEIX,NASD
PMBC,NASD
PPBI,NASD
PCRX,NASD
PACW,NASD
PTIE,NASD
PAAS,NASD
PANL,NASD
PZZA,NASD
FRSH,NASD
PRTK,NASD
PCYG,NASD
PKBK,NASD
PRKR,NASD
PKOH,NASD
PTNR,NASD
PBHC,NASD
PATK,NASD
PNBK,NASD
PATI,NASD
PEGI,NASD
PDCO,NASD
PTEN,NASD
PAVM,NASD
PAVMW,NASD
PAVMZ,NASD
PAYX,NASD
PCTY,NASD
PYDS,NASD
PYPL,NASD
PBBI,NASD
CNXN,NASD
PCMI,NASD
PCSB,NASD
PCTI,NASD
PDCE,NASD
PDFS,NASD
PDLI,NASD
PDLB,NASD
PDVW,NASD
SKIS,NASD
PGC,NASD
PEGA,NASD
PENN,NASD
PVAC,NASD
PFLT,NASD
PNNT,NASD
PWOD,NASD
WRLS,NASD
WRLSR,NASD
WRLSU,NASD
WRLSW,NASD
PEBO,NASD
PEBK,NASD
PFIS,NASD
PBCT,NASD
PBCTP,NASD
PUB,NASD
PEP,NASD
PRCP,NASD
PRFT,NASD
PFMT,NASD
PERI,NASD
PESI,NASD
PPIH,NASD
PTX,NASD
PERY,NASD
PGLC,NASD
PETQ,NASD
PETS,NASD
PFSW,NASD
PGTI,NASD
PHII,NASD
PHIIK,NASD
PAHC,NASD
PLAB,NASD
PICO,NASD
PIRS,NASD
PPC,NASD
PME,NASD
PNK,NASD
PNFP,NASD
PPSI,NASD
PXLW,NASD
EAGL,NASD
EAGLU,NASD
EAGLW,NASD
PLYA,NASD
PLXS,NASD
PLUG,NASD
PLBC,NASD
PSTI,NASD
PLXP,NASD
PBSK,NASD
PNTR,NASD
PCOM,NASD
POLA,NASD
COOL,NASD
POLY,NASD
POOL,NASD
POPE,NASD
BPOP,NASD
BPOPM,NASD
BPOPN,NASD
PBIB,NASD
PTLA,NASD
PBPB,NASD
PCH,NASD
POWL,NASD
POWI,NASD
PLW,NASD
PKW,NASD
PFM,NASD
PYZ,NASD
PEZ,NASD
PSL,NASD
PIZ,NASD
PIE,NASD
PXI,NASD
PFI,NASD
PTH,NASD
PRN,NASD
DWLV,NASD
PDP,NASD
DWAQ,NASD
DWAS,NASD
DWIN,NASD
DWTR,NASD
PTF,NASD
PUI,NASD
IDLB,NASD
PRFZ,NASD
PAGG,NASD
PSAU,NASD
PIO,NASD
PGJ,NASD
PEY,NASD
IPKW,NASD
PID,NASD
KBWB,NASD
KBWD,NASD
KBWY,NASD
KBWP,NASD
KBWR,NASD
LDRI,NASD
LALT,NASD
PNQI,NASD
PDBC,NASD
QQQ,NASD
USLB,NASD
PSCD,NASD
PSCC,NASD
PSCE,NASD
PSCF,NASD
PSCH,NASD
PSCI,NASD
PSCT,NASD
PSCM,NASD
PSCU,NASD
VRIG,NASD
PHO,NASD
PRAA,NASD
PRAH,NASD
PRAN,NASD
PRPO,NASD
AIPT,NASD
PFBC,NASD
PLPC,NASD
PFBI,NASD
PINC,NASD
LENS,NASD
PSDO,NASD
PRGX,NASD
PSMT,NASD
PNRG,NASD
PRMW,NASD
PRIM,NASD
PVAL,NASD
PFG,NASD
BTEC,NASD
PXUS,NASD
GENY,NASD
PSET,NASD
PY,NASD
PMOM,NASD
USMC,NASD
PSC,NASD
PDEX,NASD
IPDN,NASD
PFIE,NASD
PGNX,NASD
PRGS,NASD
LUNG,NASD
PFPT,NASD
PRPH,NASD
PRQR,NASD
EQRR,NASD
BIB,NASD
UBIO,NASD
TQQQ,NASD
ZBIO,NASD
SQQQ,NASD
BIS,NASD
PSEC,NASD
PTGX,NASD
PRTO,NASD
PTI,NASD
PRTA,NASD
PVBC,NASD
PROV,NASD
PBIP,NASD
PMD,NASD
PTC,NASD
PTCT,NASD
PULM,NASD
PLSE,NASD
PBYI,NASD
PCYO,NASD
PRPL,NASD
PRPLW,NASD
PXS,NASD
QADA,NASD
QADB,NASD
QCRH,NASD
QGEN,NASD
QIWI,NASD
QRVO,NASD
QCOM,NASD
QSII,NASD
QBAK,NASD
QLYS,NASD
QTNA,NASD
QTRX,NASD
QTRH,NASD
QRHC,NASD
QUIK,NASD
QDEL,NASD
QNST,NASD
QUMU,NASD
QTNT,NASD
QRTEA,NASD
QRTEB,NASD
RRD,NASD
RCM,NASD
RARX,NASD
RADA,NASD
RDCM,NASD
RSYS,NASD
RDUS,NASD
RDNT,NASD
RDWR,NASD
METC,NASD
RMBS,NASD
RAND,NASD
GOLD,NASD
RNDB,NASD
RPD,NASD
RAVE,NASD
RAVN,NASD
RBB,NASD
ROLL,NASD
RICK,NASD
RCMT,NASD
RDI,NASD
RDIB,NASD
RGSE,NASD
BLCN,NASD
RNWK,NASD
RP,NASD
RETA,NASD
RCON,NASD
REPH,NASD
RRGB,NASD
RRR,NASD
RDVT,NASD
RDFN,NASD
RDHL,NASD
REGN,NASD
RGNX,NASD
RGLS,NASD
REIS,NASD
RBNC,NASD
RELV,NASD
MARK,NASD
RNST,NASD
REGI,NASD
ABAC,NASD
RCII,NASD
RGEN,NASD
RBCAA,NASD
FRBK,NASD
REFR,NASD
RSLS,NASD
RESN,NASD
RECN,NASD
HAIR,NASD
TORC,NASD
ROIC,NASD
RETO,NASD
RTRX,NASD
RVNC,NASD
RVEN,NASD
RVLT,NASD
RWLK,NASD
REXX,NASD
RFIL,NASD
RGCO,NASD
RYTM,NASD
RBBN,NASD
RIBT,NASD
RIBTW,NASD
RELL,NASD
RIGL,NASD
RNET,NASD
RMNI,NASD
RIOT,NASD
REDU,NASD
RTTR,NASD
RVSB,NASD
RLJE,NASD
RMGN,NASD
ROBO,NASD
RCKT,NASD
RMTI,NASD
RCKY,NASD
RMCF,NASD
ROKU,NASD
ROSE,NASD
ROSEU,NASD
ROSEW,NASD
ROSG,NASD
ROST,NASD
RGLD,NASD
RPXC,NASD
RTIX,NASD
RBCN,NASD
RMBL,NASD
RUSHA,NASD
RUSHB,NASD
RUTH,NASD
RXII,NASD
RXIIW,NASD
RYAAY,NASD
STBA,NASD
SANW,NASD
SCAC,NASD
SCACU,NASD
SCACW,NASD
SBRA,NASD
SBRAP,NASD
SABR,NASD
SAEX,NASD
SAFT,NASD
SAGE,NASD
SAIA,NASD
SALM,NASD
SAL,NASD
SAFM,NASD
SASR,NASD
SGMO,NASD
SANM,NASD
GCVRZ,NASD
SPNS,NASD
SRPT,NASD
SVRA,NASD
SBFG,NASD
SBFGP,NASD
SBAC,NASD
SCSC,NASD
SMIT,NASD
SCHN,NASD
SCHL,NASD
SGMS,NASD
SCPH,NASD
SCYX,NASD
SEAC,NASD
SBCF,NASD
STX,NASD
SHIP,NASD
SHIPW,NASD
SHLD,NASD
SHLDW,NASD
SHOS,NASD
SPNE,NASD
SGEN,NASD
EYES,NASD
EYESW,NASD
SECO,NASD
SCWX,NASD
SNFCA,NASD
SEIC,NASD
SLCT,NASD
SIR,NASD
SELB,NASD
SIGI,NASD
SLS,NASD
LEDS,NASD
SMTC,NASD
SENEA,NASD
SENEB,NASD
SNES,NASD
SNH,NASD
SNHNI,NASD
SNHNL,NASD
AIHS,NASD
SNMX,NASD
SRTS,NASD
SRTSW,NASD
STNL,NASD
STNLU,NASD
STNLW,NASD
SQBG,NASD
MCRB,NASD
SREV,NASD
SFBS,NASD
SSC,NASD
SVBI,NASD
SGBX,NASD
SGOC,NASD
SEII,NASD
SMED,NASD
SHSP,NASD
SHEN,NASD
PIXY,NASD
SHLO,NASD
TYHT,NASD
SHPG,NASD
SCVL,NASD
SHBI,NASD
SSTI,NASD
SFLY,NASD
SIFI,NASD
SIEB,NASD
SNNA,NASD
SIEN,NASD
BSRR,NASD
SRRA,NASD
SWIR,NASD
SIFY,NASD
SIGA,NASD
SIGM,NASD
SGLB,NASD
SGLBW,NASD
SGMA,NASD
SBNY,NASD
SBNYW,NASD
SLGN,NASD
SILC,NASD
SLAB,NASD
SIMO,NASD
SPIL,NASD
SAMG,NASD
SSNT,NASD
SFNC,NASD
SLP,NASD
SINA,NASD
SBGI,NASD
SINO,NASD
SVA,NASD
SIRI,NASD
SITO,NASD
SKYS,NASD
SKYW,NASD
SWKS,NASD
SNBR,NASD
SLM,NASD
SLMBP,NASD
SGH,NASD
SND,NASD
SMBK,NASD
SMSI,NASD
SMTX,NASD
SRAX,NASD
SCKT,NASD
SODA,NASD
SOHU,NASD
SLRC,NASD
SUNS,NASD
SEDG,NASD
SLNO,NASD
SLNOW,NASD
SLGL,NASD
SLDB,NASD
SNGX,NASD
SNGXW,NASD
SONC,NASD
SOFO,NASD
SNOA,NASD
SNOAW,NASD
SPHS,NASD
SORL,NASD
SRNE,NASD
SOHO,NASD
SOHOB,NASD
SOHOO,NASD
SOHOK,NASD
SFBC,NASD
SSB,NASD
SFST,NASD
SMBC,NASD
SONA,NASD
SBSI,NASD
SP,NASD
SGRP,NASD
SPKE,NASD
SPKEP,NASD
ONCE,NASD
SPAR,NASD
SPTN,NASD
DWFI,NASD
SPPI,NASD
SPRO,NASD
ANY,NASD
SPEX,NASD
SPI,NASD
SAVE,NASD
SPLK,NASD
SPOK,NASD
SPWH,NASD
SBPH,NASD
FUND,NASD
SFM,NASD
SPSC,NASD
SSNC,NASD
SSLJ,NASD
SSRM,NASD
STAA,NASD
STAF,NASD
STMP,NASD
SBLK,NASD
SBLKZ,NASD
SBUX,NASD
STFC,NASD
STBZ,NASD
STDY,NASD
GASS,NASD
STCN,NASD
STLD,NASD
SMRT,NASD
STLR,NASD
STLRU,NASD
STLRW,NASD
SBOT,NASD
STML,NASD
SRCL,NASD
SRCLP,NASD
SBT,NASD
STRL,NASD
SHOO,NASD
SSFN,NASD
SFIX,NASD
SYBT,NASD
BANX,NASD
SSKN,NASD
SSYS,NASD
HNDL,NASD
STRT,NASD
STRS,NASD
STRA,NASD
STRM,NASD
SBBP,NASD
STB,NASD
SUMR,NASD
SMMF,NASD
SSBI,NASD
SMMT,NASD
SNHY,NASD
SNDE,NASD
SNSS,NASD
STKL,NASD
SPWR,NASD
RUN,NASD
SUNW,NASD
SMCI,NASD
SPCB,NASD
SCON,NASD
SGC,NASD
SUPN,NASD
SPRT,NASD
SGRY,NASD
SRDX,NASD
SBBX,NASD
SIVB,NASD
SYKE,NASD
SYMC,NASD
SYNC,NASD
SYNL,NASD
SYNA,NASD
SNCR,NASD
SNDX,NASD
SYNH,NASD
SGYP,NASD
SYBX,NASD
SNPS,NASD
SYNT,NASD
SES,NASD
SYPR,NASD
SYRS,NASD
TROW,NASD
TTOO,NASD
TRHC,NASD
TCMD,NASD
TAIT,NASD
TTWO,NASD
TLND,NASD
TNDM,NASD
TLF,NASD
TANH,NASD
TPIV,NASD
TEDU,NASD
TATT,NASD
TAYD,NASD
CGBD,NASD
TCPC,NASD
AMTD,NASD
PETZ,NASD
TECD,NASD
TCCO,NASD
TTGT,NASD
TGLS,NASD
TGEN,NASD
TNAV,NASD
TLGT,NASD
TELL,NASD
TENX,NASD
TERP,NASD
TRTLU,NASD
TBNK,NASD
TSRO,NASD
TSLA,NASD
TESS,NASD
TTEK,NASD
TTPH,NASD
TCBI,NASD
TCBIL,NASD
TCBIP,NASD
TCBIW,NASD
TXN,NASD
TXRH,NASD
TFSL,NASD
TGTX,NASD
ANDE,NASD
TBBK,NASD
BPRN,NASD
CG,NASD
TCGP,NASD
CAKE,NASD
CHEF,NASD
TCFC,NASD
DSGX,NASD
DXYN,NASD
ENSG,NASD
XONE,NASD
FINL,NASD
FBMS,NASD
FLIC,NASD
GT,NASD
HABT,NASD
HCKT,NASD
HAIN,NASD
CUBA,NASD
INTG,NASD
JYNT,NASD
KEYW,NASD
KHC,NASD
OLD,NASD
MSG,NASD
MDCO,NASD
MEET,NASD
MIK,NASD
MIDD,NASD
NAVG,NASD
SLIM,NASD
STKS,NASD
ORG,NASD
PRSC,NASD
RMR,NASD
SMPL,NASD
SMPLW,NASD
TSG,NASD
TTD,NASD
ULTI,NASD
YORW,NASD
NCTY,NASD
TXMD,NASD
TRPX,NASD
TBPH,NASD
TST,NASD
TCRD,NASD
TIBR,NASD
TIBRU,NASD
TIBRW,NASD
TIG,NASD
TTS,NASD
TIL,NASD
TSBK,NASD
TNTR,NASD
TIPT,NASD
TITN,NASD
TTNP,NASD
TVTY,NASD
TIVO,NASD
TMUS,NASD
TMSR,NASD
TMSRW,NASD
TOCA,NASD
TNXP,NASD
TISA,NASD
TOPS,NASD
TRCH,NASD
TRMD,NASD
TSEM,NASD
CLUB,NASD
TOWN,NASD
TPIC,NASD
TCON,NASD
TSCO,NASD
TWMC,NASD
TACT,NASD
TRNS,NASD
TGA,NASD
TA,NASD
TANNI,NASD
TANNL,NASD
TANNZ,NASD
TZOO,NASD
TRMT,NASD
TRVN,NASD
TCBK,NASD
TRIL,NASD
TRS,NASD
TRMB,NASD
TRIB,NASD
TRIP,NASD
TSC,NASD
TSCAP,NASD
TBK,NASD
TRVG,NASD
TRNC,NASD
TROV,NASD
TRUE,NASD
THST,NASD
TRUP,NASD
TRST,NASD
TRMK,NASD
TSRI,NASD
TTEC,NASD
TTMI,NASD
TCX,NASD
TUES,NASD
TOUR,NASD
HEAR,NASD
FOX,NASD
FOXA,NASD
TWIN,NASD
TRCB,NASD
TYME,NASD
USCR,NASD
PRTS,NASD
USEG,NASD
GROW,NASD
USAU,NASD
UBNT,NASD
UFPT,NASD
ULTA,NASD
UCTT,NASD
UPL,NASD
RARE,NASD
ULBI,NASD
UMBF,NASD
UMPQ,NASD
UNAM,NASD
UBSH,NASD
UNB,NASD
QURE,NASD
UBCP,NASD
UBOH,NASD
UBSI,NASD
UCBA,NASD
UCBI,NASD
UCFC,NASD
UBNK,NASD
UFCS,NASD
UIHC,NASD
UNFI,NASD
UBFO,NASD
USLM,NASD
UTHR,NASD
UG,NASD
UNIT,NASD
UNTY,NASD
OLED,NASD
UEIC,NASD
UFPI,NASD
ULH,NASD
USAP,NASD
UVSP,NASD
UMRX,NASD
UPLD,NASD
UONE,NASD
UONEK,NASD
URBN,NASD
URGN,NASD
ECOL,NASD
USAT,NASD
USATP,NASD
USAK,NASD
UTMD,NASD
UTSI,NASD
VLRX,NASD
VALX,NASD
VALU,NASD
VNDA,NASD
BBH,NASD
GNRX,NASD
PPH,NASD
VWOB,NASD
VNQI,NASD
VCIT,NASD
VGIT,NASD
VIGI,NASD
VYMI,NASD
VCLT,NASD
VGLT,NASD
VMBS,NASD
VONE,NASD
VONG,NASD
VONV,NASD
VTWO,NASD
VTWG,NASD
VTWV,NASD
VTHR,NASD
VCSH,NASD
VTIP,NASD
VGSH,NASD
VTC,NASD
BNDX,NASD
VXUS,NASD
VEAC,NASD
VEACU,NASD
VEACW,NASD
VREX,NASD
VRNS,NASD
VDSI,NASD
VBLT,NASD
VXRT,NASD
VBIV,NASD
VECO,NASD
VEON,NASD
VRA,NASD
VCYT,NASD
VSTM,NASD
VCEL,NASD
VRNT,NASD
VRSN,NASD
VRSK,NASD
VBTX,NASD
VERI,NASD
VRML,NASD
VRNA,NASD
VSAR,NASD
VTNR,NASD
VRTX,NASD
VERU,NASD
VIA,NASD
VIAB,NASD
VSAT,NASD
VIAV,NASD
VICL,NASD
VICR,NASD
VCTR,NASD
CIZ,NASD
VSDA,NASD
CEY,NASD
CEZ,NASD
CID,NASD
CIL,NASD
CFO,NASD
CFA,NASD
CSF,NASD
CDC,NASD
CDL,NASD
VSMV,NASD
CSB,NASD
CSA,NASD
VDTH,NASD
VRAY,NASD
VKTX,NASD
VKTXW,NASD
VBFC,NASD
VLGEA,NASD
VNOM,NASD
VIRC,NASD
VTSI,NASD
VIRT,NASD
VRTS,NASD
VRTSP,NASD
BBC,NASD
BBP,NASD
VRTU,NASD
VTGN,NASD
VC,NASD
VTL,NASD
VIVE,NASD
VVPR,NASD
VVUS,NASD
VOD,NASD
VOXX,NASD
VYGR,NASD
VSEC,NASD
VTVT,NASD
VUZI,NASD
WBA,NASD
WAFD,NASD
WAFDW,NASD
WASH,NASD
WSBF,NASD
WVE,NASD
WSTG,NASD
WCFB,NASD
WDFC,NASD
WEB,NASD
WB,NASD
WEBK,NASD
WEN,NASD
WERN,NASD
WSBC,NASD
WTBA,NASD
WABC,NASD
WSTL,NASD
WDC,NASD
WNEB,NASD
WLB,NASD
WPRT,NASD
WWR,NASD
WEYS,NASD
WHLR,NASD
WHLRD,NASD
WHLRP,NASD
WHLRW,NASD
WHF,NASD
WHFBL,NASD
WHLM,NASD
WVVI,NASD
WVVIP,NASD
WLDN,NASD
WLFC,NASD
WLTW,NASD
WSC,NASD
WSCWW,NASD
WIN,NASD
WING,NASD
WINA,NASD
WINS,NASD
WTFC,NASD
WTFCM,NASD
WTFCW,NASD
AGZD,NASD
AGND,NASD
CXSE,NASD
EMCG,NASD
EMCB,NASD
DGRE,NASD
DXGE,NASD
HYZD,NASD
WETF,NASD
DXJS,NASD
GULF,NASD
HYND,NASD
DGRW,NASD
DGRS,NASD
WIX,NASD
WMIH,NASD
WWD,NASD
WDAY,NASD
WKHS,NASD
WRLD,NASD
WMGI,NASD
WMGIZ,NASD
WSFS,NASD
WSCI,NASD
WVFC,NASD
WYNN,NASD
XBIT,NASD
XELB,NASD
XEL,NASD
XCRA,NASD
XNCR,NASD
XBIO,NASD
XENE,NASD
XGTI,NASD
XGTIW,NASD
XLNX,NASD
XOMA,NASD
XPER,NASD
XPLR,NASD
XSPA,NASD
XTLB,NASD
XNET,NASD
YNDX,NASD
YRIV,NASD
YTRA,NASD
YTEN,NASD
YIN,NASD
YOGA,NASD
YGYI,NASD
YRCW,NASD
YECO,NASD
YY,NASD
ZFGN,NASD
ZAGG,NASD
ZLAB,NASD
ZAIS,NASD
ZEAL,NASD
ZBRA,NASD
Z,NASD
ZG,NASD
ZN,NASD
ZNWAA,NASD
ZION,NASD
ZIONW,NASD
ZIONZ,NASD
ZIOP,NASD
ZIXI,NASD
ZKIN,NASD
ZGNX,NASD
ZSAN,NASD
ZS,NASD
ZUMZ,NASD
ZYNE,NASD
ZNGA,NASD
DDD,NYSE
MMM,NYSE
WBAI,NYSE
WUBA,NYSE
EGHT,NYSE
AHC,NYSE
ATEN,NYSE
AAC,NYSE
AIR,NYSE
AAN,NYSE
ABB,NYSE
ABT,NYSE
ABBV,NYSE
ANF,NYSE
GCH,NYSE
ACP,NYSE
JEQ,NYSE
SGF,NYSE
ABM,NYSE
AKR,NYSE
ACN,NYSE
ACCO,NYSE
ATV,NYSE
ATU,NYSE
AYI,NYSE
GOLF,NYSE
ADX,NYSE
PEO,NYSE
AGRO,NYSE
ADNT,NYSE
ADT,NYSE
ATGE,NYSE
AAP,NYSE
ADSW,NYSE
WMS,NYSE
ASX,NYSE
ASIX,NYSE
AAV,NYSE
AVK,NYSE
AGC,NYSE
LCM,NYSE
ACM,NYSE
ANW,NYSE
AEB,NYSE
AED,NYSE
AEG,NYSE
AEH,NYSE
AEK,NYSE
AER,NYSE
HIVE,NYSE
AJRD,NYSE
AET,NYSE
AMG,NYSE
AFL,NYSE
MITT,NYSE
MITT^A,NYSE
MITT^B,NYSE
AGCO,NYSE
A,NYSE
AEM,NYSE
ADC,NYSE
AL,NYSE
APD,NYSE
AYR,NYSE
AKS,NYSE
ALP^Q,NYSE
ALG,NYSE
AGI,NYSE
ALK,NYSE
AIN,NYSE
ALB,NYSE
AA,NYSE
ALEX,NYSE
ALX,NYSE
ARE,NYSE
ARE^D,NYSE
AQN,NYSE
BABA,NYSE
Y,NYSE
ATI,NYSE
ALLE,NYSE
AGN,NYSE
ALE,NYSE
AKP,NYSE
ADS,NYSE
AFB,NYSE
AOI,NYSE
AWF,NYSE
AB,NYSE
LNT,NYSE
CBH,NYSE
NCV,NYSE
NCZ,NYSE
ACV,NYSE
NIE,NYSE
NFJ,NYSE
ALSN,NYSE
ALL,NYSE
ALL^A,NYSE
ALL^B,NYSE
ALL^C,NYSE
ALL^D,NYSE
ALL^E,NYSE
ALL^F,NYSE
ALL^G,NYSE
ALLY,NYSE
ALLY^A,NYSE
AGD,NYSE
AWP,NYSE
AOD,NYSE
AYX,NYSE
ATUS,NYSE
MO,NYSE
ACH,NYSE
AMBR,NYSE
ABEV,NYSE
AMC,NYSE
AEE,NYSE
AMRC,NYSE
AMOV,NYSE
AMX,NYSE
AAT,NYSE
AXL,NYSE
ACC,NYSE
AEO,NYSE
AEP,NYSE
AEL,NYSE
AXP,NYSE
AFG,NYSE
AFGE,NYSE
AFGH,NYSE
AMH,NYSE
AMH^D,NYSE
AMH^E,NYSE
AMH^F,NYSE
AMH^G,NYSE
AIG,NYSE
AIG.WS,NYSE
AMID,NYSE
ARL,NYSE
ARA,NYSE
AWR,NYSE
AMT,NYSE
AVD,NYSE
AWK,NYSE
COLD,NYSE
APU,NYSE
AMP,NYSE
ABC,NYSE
ANFI,NYSE
AMN,NYSE
AP,NYSE
APH,NYSE
AXR,NYSE
AME,NYSE
AFSI^A,NYSE
AFSI^B,NYSE
AFSI^C,NYSE
AFSI^D,NYSE
AFSI^E,NYSE
AFSI^F,NYSE
AFSS,NYSE
AFST,NYSE
AEUA,NYSE
APC,NYSE
ANDV,NYSE
ANDX,NYSE
AU,NYSE
BUD,NYSE
AXE,NYSE
NLY,NYSE
NLY^C,NYSE
NLY^D,NYSE
NLY^F,NYSE
NLY^G,NYSE
AMGP,NYSE
AM,NYSE
AR,NYSE
ANTM,NYSE
ANTX,NYSE
ANH,NYSE
ANH^A,NYSE
ANH^B,NYSE
ANH^C,NYSE
AON,NYSE
APA,NYSE
AIV,NYSE
AIV^A,NYSE
ARI,NYSE
ARI^C,NYSE
APO,NYSE
APO^A,NYSE
APO^B,NYSE
AIY,NYSE
AFT,NYSE
AIF,NYSE
APLE,NYSE
AIT,NYSE
ATR,NYSE
APTV,NYSE
WTR,NYSE
AQ,NYSE
WAAS,NYSE
ARMK,NYSE
ABR,NYSE
ABR^A,NYSE
ABR^B,NYSE
ABR^C,NYSE
ABRN.CL,NYSE
ARC,NYSE
MT,NYSE
ARCH,NYSE
ADM,NYSE
AROC,NYSE
ARNC,NYSE
ARCO,NYSE
RCUS,NYSE
ARD,NYSE
ASC,NYSE
AFC,NYSE
ACRE,NYSE
ARDC,NYSE
ARES,NYSE
ARES^A,NYSE
AGX,NYSE
ANET,NYSE
AI,NYSE
AI^B,NYSE
AIC,NYSE
AIW,NYSE
AHH,NYSE
ARR,NYSE
ARR^A,NYSE
ARR^B,NYSE
AFI,NYSE
AWI,NYSE
ARW,NYSE
AJG,NYSE
APAM,NYSE
ASA,NYSE
ABG,NYSE
ASGN,NYSE
AHP,NYSE
AHP^B,NYSE
AHT,NYSE
AHT^D,NYSE
AHT^F,NYSE
AHT^G,NYSE
AHT^H,NYSE
AHT^I,NYSE
ASH,NYSE
APB,NYSE
GRR,NYSE
ASPN,NYSE
AHL,NYSE
AHL^C,NYSE
AHL^D,NYSE
ASB,NYSE
ASB^C,NYSE
ASB^D,NYSE
AC,NYSE
AIZ,NYSE
AIZP,NYSE
AGO,NYSE
AGO^B,NYSE
AGO^E,NYSE
AGO^F,NYSE
AZN,NYSE
HOME,NYSE
T,NYSE
TBB,NYSE
ATTO,NYSE
ATH,NYSE
ATKR,NYSE
AT,NYSE
ATO,NYSE
AUO,NYSE
ATHM,NYSE
ALV,NYSE
AN,NYSE
AZO,NYSE
AVB,NYSE
AGR,NYSE
AVYA,NYSE
AVY,NYSE
AVH,NYSE
AVA,NYSE
AVT,NYSE
AVP,NYSE
AVX,NYSE
AXTA,NYSE
AXS,NYSE
AXS^D,NYSE
AXS^E,NYSE
AZUL,NYSE
AZRE,NYSE
AZZ,NYSE
BGS,NYSE
BW,NYSE
BGH,NYSE
BMI,NYSE
BHGE,NYSE
BBN,NYSE
BLL,NYSE
BANC,NYSE
BANC^C,NYSE
BANC^D,NYSE
BANC^E,NYSE
BBVA,NYSE
BBD,NYSE
BBDO,NYSE
BCH,NYSE
BLX,NYSE
BSMX,NYSE
BSBR,NYSE
BSAC,NYSE
SAN,NYSE
SAN^A,NYSE
SAN^B,NYSE
SAN^C,NYSE
SAN^I,NYSE
CIB,NYSE
BXS,NYSE
BAC,NYSE
BAC.WS.A,NYSE
BAC.WS.B,NYSE
BAC^A,NYSE
BAC^C,NYSE
BAC^D,NYSE
BAC^E,NYSE
BAC^I,NYSE
BAC^L,NYSE
BAC^W,NYSE
BAC^Y,NYSE
BML^G,NYSE
BML^H,NYSE
BML^I,NYSE
BML^J,NYSE
BML^L,NYSE
BOH,NYSE
BMO,NYSE
NTB,NYSE
BK,NYSE
BK^C,NYSE
BNS,NYSE
BKU,NYSE
BCS,NYSE
BCS^D,NYSE
MCI,NYSE
MPV,NYSE
BNED,NYSE
BKS,NYSE
B,NYSE
ABX,NYSE
BAS,NYSE
BAX,NYSE
BTE,NYSE
BBT,NYSE
BBT^D,NYSE
BBT^E,NYSE
BBT^F,NYSE
BBT^G,NYSE
BBT^H,NYSE
BFR,NYSE
BBX,NYSE
BCE,NYSE
BZH,NYSE
BDX,NYSE
BDXA,NYSE
BDC,NYSE
BDC^B,NYSE
BXE,NYSE
BEL,NYSE
BMS,NYSE
BHE,NYSE
BRK.A,NYSE
BRK.B,NYSE
BHLB,NYSE
BERY,NYSE
BBY,NYSE
BSTI,NYSE
BGCA,NYSE
BHP,NYSE
BBL,NYSE
BIG,NYSE
BH,NYSE
BHVN,NYSE
BIO,NYSE
BIO.B,NYSE
BITA,NYSE
BKH,NYSE
BKHU,NYSE
BKI,NYSE
BSM,NYSE
BB,NYSE
BGIO,NYSE
BJZ,NYSE
BFZ,NYSE
CII,NYSE
BHK,NYSE
HYT,NYSE
BTZ,NYSE
DSU,NYSE
BGR,NYSE
BDJ,NYSE
EGF,NYSE
FRA,NYSE
BFO,NYSE
BGT,NYSE
BOE,NYSE
BME,NYSE
BAF,NYSE
BKT,NYSE
BGY,NYSE
BKN,NYSE
BTA,NYSE
BIT,NYSE
MUI,NYSE
MNE,NYSE
MUA,NYSE
BPK,NYSE
BKK,NYSE
BBK,NYSE
BBF,NYSE
BYM,NYSE
BFK,NYSE
BTT,NYSE
MEN,NYSE
MUC,NYSE
MUH,NYSE
MHD,NYSE
MFL,NYSE
MUJ,NYSE
MHN,NYSE
MUE,NYSE
MUS,NYSE
MVT,NYSE
MYC,NYSE
MCA,NYSE
MYD,NYSE
MYF,NYSE
MFT,NYSE
MIY,NYSE
MYJ,NYSE
MYN,NYSE
MPA,NYSE
MQT,NYSE
MYI,NYSE
MQY,NYSE
BNJ,NYSE
BNY,NYSE
BLH,NYSE
BQH,NYSE
BSE,NYSE
BCX,NYSE
BST,NYSE
BSD,NYSE
BUI,NYSE
BLK,NYSE
BGB,NYSE
BGX,NYSE
BSL,NYSE
APRN,NYSE
BCRH,NYSE
BXG,NYSE
BXC,NYSE
BWP,NYSE
BA,NYSE
BCC,NYSE
BCEI,NYSE
BOOT,NYSE
BAH,NYSE
BWA,NYSE
SAM,NYSE
BXP,NYSE
BXP^B,NYSE
BSX,NYSE
BOX,NYSE
BYD,NYSE
BPMP,NYSE
BP,NYSE
BPT,NYSE
BRC,NYSE
BDN,NYSE
BWG,NYSE
LND,NYSE
BAK,NYSE
BRFS,NYSE
BPI,NYSE
BGG,NYSE
BFAM,NYSE
BEDU,NYSE
BSA,NYSE
BSIG,NYSE
EAT,NYSE
BCO,NYSE
BMY,NYSE
BRS,NYSE
BTI,NYSE
BRX,NYSE
BR,NYSE
BKD,NYSE
BAM,NYSE
BBU,NYSE
DTLA^,NYSE
INF,NYSE
BIP,NYSE
RA,NYSE
BEP,NYSE
BRO,NYSE
BF.A,NYSE
BF.B,NYSE
BRT,NYSE
BC,NYSE
BT,NYSE
BPL,NYSE
BKE,NYSE
BVN,NYSE
BBW,NYSE
BG,NYSE
BURL,NYSE
BWXT,NYSE
BY,NYSE
CJ,NYSE
GYB,NYSE
PFH,NYSE
CABO,NYSE
CBT,NYSE
COG,NYSE
CACI,NYSE
WHD,NYSE
CADE,NYSE
CAE,NYSE
CAI,NYSE
CAI^A,NYSE
CAL,NYSE
CRC,NYSE
CWT,NYSE
CALX,NYSE
ELY,NYSE
CPE,NYSE
CPE^A,NYSE
CBM,NYSE
CPT,NYSE
CCJ,NYSE
CPB,NYSE
CWH,NYSE
GOOS,NYSE
CM,NYSE
CNI,NYSE
CNQ,NYSE
CP,NYSE
CNNE,NYSE
CAJ,NYSE
CMD,NYSE
COF,NYSE
COF.WS,NYSE
COF^C,NYSE
COF^D,NYSE
COF^F,NYSE
COF^G,NYSE
COF^H,NYSE
COF^P,NYSE
CSU,NYSE
BXMT,NYSE
CIC,NYSE
CIC.U,NYSE
CIC.WS,NYSE
CMO,NYSE
CMO^E,NYSE
CRR,NYSE
CAH,NYSE
CRCM,NYSE
CSL,NYSE
KMX,NYSE
CCL,NYSE
CUK,NYSE
CRS,NYSE
CSV,NYSE
CARS,NYSE
CRI,NYSE
CVNA,NYSE
CSLT,NYSE
CTLT,NYSE
CTT           ,NYSE
CAT,NYSE
CATO,NYSE
CBZ,NYSE
CBL,NYSE
CBL^D,NYSE
CBL^E,NYSE
CBO,NYSE
IGR,NYSE
CBRE,NYSE
CBS,NYSE
CBS.A,NYSE
CBX,NYSE
FUN,NYSE
CDR,NYSE
CDR^B,NYSE
CDR^C,NYSE
CE,NYSE
CLS,NYSE
CEL,NYSE
CPAC,NYSE
CX,NYSE
CVE,NYSE
CNC,NYSE
CEN,NYSE
CNP,NYSE
EBR,NYSE
EBR.B,NYSE
CEPU,NYSE
CCS,NYSE
CTL,NYSE
CF,NYSE
CGG,NYSE
GIB,NYSE
ECOM          ,NYSE
CRL,NYSE
CLDT,NYSE
CMCM,NYSE
CHGG,NYSE
CHE,NYSE
CC,NYSE
CHMI,NYSE
CHMI^A,NYSE
CHK,NYSE
CHK^D,NYSE
CHKR,NYSE
CHSP,NYSE
CPK,NYSE
CVX,NYSE
CBI,NYSE
CHS,NYSE
CIM,NYSE
CIM^A,NYSE
CIM^B,NYSE
DL,NYSE
CEA,NYSE
CHN,NYSE
CGA,NYSE
LFC,NYSE
CHL,NYSE
BORN,NYSE
COE,NYSE
SNP,NYSE
XRF,NYSE
ZNH,NYSE
CHA,NYSE
CHU,NYSE
CYD,NYSE
ZX,NYSE
CMG,NYSE
CHH,NYSE
CBK,NYSE
CB,NYSE
CHT,NYSE
CHD,NYSE
CIEN,NYSE
CI,NYSE
XEC,NYSE
CBB,NYSE
CBB^B,NYSE
CNK,NYSE
CINR,NYSE
CIR,NYSE
CISN,NYSE
CIT,NYSE
BLW,NYSE
C,NYSE
C.WS.A,NYSE
C^C,NYSE
C^J,NYSE
C^K,NYSE
C^L,NYSE
C^N,NYSE
C^S,NYSE
CFG,NYSE
CIA,NYSE
CIO,NYSE
CIO^A,NYSE
CVEO,NYSE
CIVI,NYSE
CLH,NYSE
CCO,NYSE
CBA           ,NYSE
CEM,NYSE
EMO,NYSE
CTR,NYSE
CLW,NYSE
CLF,NYSE
CLPR,NYSE
CLX,NYSE
CLD,NYSE
CLDR,NYSE
CMS,NYSE
CMS^B,NYSE
CMSA,NYSE
CNA,NYSE
CNHI,NYSE
CNO,NYSE
CEO,NYSE
CNXM,NYSE
CEIX,NYSE
CNX,NYSE
KOF,NYSE
KO,NYSE
CCE,NYSE
CDE,NYSE
FOF,NYSE
INB,NYSE
CNS,NYSE
UTF,NYSE
LDP,NYSE
MIE,NYSE
RQI,NYSE
RNP,NYSE
PSF,NYSE
RFI,NYSE
CFX,NYSE
CL,NYSE
CXE,NYSE
CIF,NYSE
CXH,NYSE
CMU,NYSE
CLNC,NYSE
CLNS,NYSE
CLNS^B,NYSE
CLNS^D,NYSE
CLNS^E,NYSE
CLNS^G,NYSE
CLNS^H,NYSE
CLNS^I,NYSE
CLNS^J,NYSE
CXP,NYSE
STK,NYSE
CCZ,NYSE
CMA,NYSE
CMA.WS,NYSE
FIX,NYSE
CMC,NYSE
CBU,NYSE
CYH,NYSE
CHCT,NYSE
CIG,NYSE
CIG.C,NYSE
CBD,NYSE
SBS,NYSE
ELP,NYSE
CCU,NYSE
CODI,NYSE
CODI^A,NYSE
CODI^B,NYSE
CMP,NYSE
CRK,NYSE
CAG,NYSE
CXO,NYSE
CCM,NYSE
CNDT,NYSE
COP,NYSE
CCR,NYSE
ED,NYSE
STZ,NYSE
STZ.B,NYSE
CSTM,NYSE
TCS,NYSE
CBPX,NYSE
CLR,NYSE
VLRS,NYSE
CVG,NYSE
CTB,NYSE
CPS,NYSE
CPA,NYSE
CLB,NYSE
CXW,NYSE
CLGX,NYSE
CORR,NYSE
CORR^A,NYSE
COR,NYSE
GLW,NYSE
CAAP,NYSE
GYC,NYSE
CCT,NYSE
OFC,NYSE
CZZ,NYSE
CMRE,NYSE
CMRE^B,NYSE
CMRE^C,NYSE
CMRE^D,NYSE
CMRE^E,NYSE
COTV,NYSE
COT,NYSE
COTY,NYSE
CFC^B,NYSE
CUZ,NYSE
CVA,NYSE
CPF,NYSE
CPL,NYSE
CR,NYSE
CRD.A,NYSE
CRD.B,NYSE
BAP,NYSE
CS,NYSE
CPG,NYSE
CEQP,NYSE
CRH,NYSE
CRT,NYSE
CAPL,NYSE
CCI,NYSE
CCI^A,NYSE
CCK,NYSE
CRY,NYSE
CSS,NYSE
CTS,NYSE
CUBE,NYSE
CUB,NYSE
CFR,NYSE
CFR^A,NYSE
CULP,NYSE
CMI,NYSE
CURO,NYSE
CW,NYSE
SRF,NYSE
SRV,NYSE
SZC,NYSE
CUBI,NYSE
CUBI^C,NYSE
CUBI^D,NYSE
CUBI^E,NYSE
CUBI^F,NYSE
CUBS,NYSE
CVI,NYSE
UAN,NYSE
CVRR,NYSE
CVS,NYSE
CELP,NYSE
CYS,NYSE
CYS^A,NYSE
CYS^B,NYSE
DHI,NYSE
DAN,NYSE
DHR,NYSE
DAC,NYSE
DQ,NYSE
DRI,NYSE
DAR,NYSE
DVA,NYSE
DCP,NYSE
DCT,NYSE
DDR,NYSE
DDR^A,NYSE
DDR^J,NYSE
DDR^K,NYSE
DF,NYSE
DECK,NYSE
DE,NYSE
DEX,NYSE
DDF,NYSE
DKL,NYSE
DK,NYSE
DVMT,NYSE
DLPH,NYSE
DAL,NYSE
DLX,NYSE
DNR,NYSE
DESP,NYSE
DKT,NYSE
DB,NYSE
DXB,NYSE
DVN,NYSE
DHX,NYSE
DHT,NYSE
DEO,NYSE
DO,NYSE
DRH,NYSE
DSX,NYSE
DSX^B,NYSE
DSXN,NYSE
DKS,NYSE
DBD,NYSE
DLR,NYSE
DLR^C,NYSE
DLR^G,NYSE
DLR^H,NYSE
DLR^I,NYSE
DLR^J,NYSE
DDS,NYSE
DDT,NYSE
DIN,NYSE
DPLO,NYSE
DFS,NYSE
DHCP,NYSE
DNI,NYSE
DLB,NYSE
DG,NYSE
DM,NYSE
D,NYSE
DCUD,NYSE
DRUA,NYSE
DPZ,NYSE
UFS,NYSE
DCI,NYSE
DFIN,NYSE
LPG,NYSE
DSL,NYSE
DBL,NYSE
PLOW,NYSE
DEI,NYSE
DOV,NYSE
DDE,NYSE
DVD,NYSE
DWDP,NYSE
DPS,NYSE
RDY,NYSE
DRD,NYSE
DCF,NYSE
DHF,NYSE
DMB,NYSE
DSM,NYSE
LEO,NYSE
DRQ,NYSE
DS,NYSE
DS^B,NYSE
DS^C,NYSE
DS^D,NYSE
DST,NYSE
DSW,NYSE
DTE,NYSE
DTJ,NYSE
DTQ,NYSE
DTV,NYSE
DTW,NYSE
DTY,NYSE
DCO,NYSE
DPG,NYSE
DSE,NYSE
DNP,NYSE
DTF,NYSE
DUC,NYSE
DUK,NYSE
DUKH,NYSE
DRE,NYSE
DNB,NYSE
DXC,NYSE
DY,NYSE
DLNG,NYSE
DLNG^A,NYSE
DX,NYSE
DX^A,NYSE
DX^B,NYSE
DD^A,NYSE
DD^B,NYSE
ELF,NYSE
SSP,NYSE
EGIF,NYSE
EXP,NYSE
ECC           ,NYSE
ECCA,NYSE
ECCB,NYSE
ECCY,NYSE
ECCZ,NYSE
ESTE,NYSE
DEA,NYSE
EGP,NYSE
EMN,NYSE
KODK,NYSE
KODK.WS,NYSE
KODK.WS.A,NYSE
ETN,NYSE
ETV,NYSE
ETW,NYSE
EV,NYSE
EOI,NYSE
EOS,NYSE
EFT,NYSE
EFL,NYSE
EFF,NYSE
EHT,NYSE
ETX           ,NYSE
EOT,NYSE
EVN,NYSE
ETJ,NYSE
EFR,NYSE
EVF,NYSE
EVG,NYSE
EVT,NYSE
ETO,NYSE
EXD,NYSE
ETG,NYSE
ETB,NYSE
ETY,NYSE
EXG,NYSE
ECT,NYSE
ECR,NYSE
ECL,NYSE
EC,NYSE
EIX,NYSE
EDR,NYSE
EW,NYSE
EHIC,NYSE
EP^C,NYSE
EE,NYSE
EGO,NYSE
ELVT,NYSE
LLY,NYSE
ELLI,NYSE
EFC,NYSE
EARN,NYSE
AKO.A,NYSE
AKO.B,NYSE
ERJ,NYSE
EME,NYSE
EEX,NYSE
EMES,NYSE
EBS,NYSE
EMR,NYSE
ESRT,NYSE
EIG,NYSE
EDN,NYSE
ENBL,NYSE
EEQ,NYSE
EEP,NYSE
ENB,NYSE
ECA,NYSE
EHC,NYSE
EXK,NYSE
NDRO,NYSE
ENIA,NYSE
ENIC,NYSE
EOCC,NYSE
EGN,NYSE
ENR,NYSE
EPC,NYSE
ETE,NYSE
ETP,NYSE
ERF,NYSE
ENS,NYSE
EGL,NYSE
E,NYSE
ENLK,NYSE
ENLC,NYSE
EBF,NYSE
ENVA,NYSE
NPO,NYSE
ESV,NYSE
ETM,NYSE
EAB,NYSE
EAE,NYSE
EAI,NYSE
ETR,NYSE
ELC,NYSE
ELJ,NYSE
ELU,NYSE
EMP,NYSE
ENJ,NYSE
ENO,NYSE
EZT,NYSE
EPD,NYSE
EVC,NYSE
ENV,NYSE
EVHC,NYSE
EVA,NYSE
ENZ,NYSE
EOG,NYSE
EPE,NYSE
EPAM,NYSE
EPR,NYSE
EPR^C,NYSE
EPR^E,NYSE
EPR^G,NYSE
EQT,NYSE
EQGP,NYSE
EQM,NYSE
EFX,NYSE
EQC,NYSE
EQC^D,NYSE
ELS,NYSE
EQR,NYSE
EQS,NYSE
ERA,NYSE
EROS,NYSE
ESE,NYSE
ESNT,NYSE
ESS,NYSE
EL,NYSE
ESL,NYSE
ETH,NYSE
EURN,NYSE
EEA,NYSE
EVR,NYSE
RE,NYSE
EVRI,NYSE
ES,NYSE
EVTC,NYSE
EVH,NYSE
AQUA,NYSE
EXC,NYSE
EXPR,NYSE
STAY,NYSE
EXTN,NYSE
EXR,NYSE
XOM,NYSE
FNB,NYSE
FNB^E,NYSE
FN,NYSE
FDS,NYSE
FICO,NYSE
FMSA,NYSE
SFUN,NYSE
FPI,NYSE
FPI^B,NYSE
FBK,NYSE
FFG,NYSE
FCB,NYSE
AGM,NYSE
AGM.A,NYSE
AGM^A,NYSE
AGM^B,NYSE
AGM^C,NYSE
FRT,NYSE
FRT^C,NYSE
FSS,NYSE
FII,NYSE
FMN,NYSE
FDX,NYSE
RACE,NYSE
FGP,NYSE
FOE,NYSE
FG,NYSE
FG.WS,NYSE
FCAU,NYSE
FBR,NYSE
FNF,NYSE
FIS,NYSE
FMO,NYSE
FAF,NYSE
FBP,NYSE
FCFS,NYSE
FCF,NYSE
FDC,NYSE
FHN,NYSE
FHN^A,NYSE
FR,NYSE
AG,NYSE
FRC,NYSE
FRC^D,NYSE
FRC^E,NYSE
FRC^F,NYSE
FRC^G,NYSE
FRC^H,NYSE
FFA,NYSE
FMY,NYSE
FDEU,NYSE
FIF,NYSE
FSD,NYSE
FPF,NYSE
FEI           ,NYSE
FPL,NYSE
FIV,NYSE
FCT,NYSE
FGB,NYSE
FHY,NYSE
FEO,NYSE
FAM,NYSE
FE,NYSE
FIT,NYSE
OAKS,NYSE
OAKS^A,NYSE
FPH,NYSE
FBC,NYSE
DFP,NYSE
PFD,NYSE
PFO,NYSE
FFC,NYSE
FLC,NYSE
FLT,NYSE
FND,NYSE
FTK,NYSE
FLO,NYSE
FLS,NYSE
FLR,NYSE
FLY,NYSE
FMC,NYSE
FMX,NYSE
FL,NYSE
F,NYSE
FELP,NYSE
FCE.A,NYSE
FOR,NYSE
FTS,NYSE
FTV,NYSE
FTAI,NYSE
FSM,NYSE
FBHS,NYSE
FET,NYSE
FBM,NYSE
FCPT,NYSE
FEDU,NYSE
FNV,NYSE
FC,NYSE
FSB,NYSE
BEN,NYSE
FT,NYSE
FI,NYSE
FCX,NYSE
FMS,NYSE
FDP,NYSE
RESI,NYSE
FRO,NYSE
FSIC,NYSE
FCN,NYSE
FTSI,NYSE
FF,NYSE
GCV,NYSE
GCV^B,NYSE
GDV,NYSE
GDV^A,NYSE
GDV^D,NYSE
GDV^G,NYSE
GAB,NYSE
GAB^D,NYSE
GAB^G,NYSE
GAB^H,NYSE
GAB^J,NYSE
GGZ,NYSE
GGZ^A,NYSE
GGT,NYSE
GGT^B,NYSE
GGT^E,NYSE
GUT,NYSE
GUT^A,NYSE
GUT^C,NYSE
GUT~,NYSE
GFA,NYSE
GCAP,NYSE
GBL,NYSE
GNT,NYSE
GNT^A,NYSE
GME,NYSE
GPS,NYSE
GDI,NYSE
IT,NYSE
GLOG,NYSE
GLOG^A,NYSE
GLOP,NYSE
GLOP^A,NYSE
GLOP^B,NYSE
GTES,NYSE
GATX,NYSE
GMTA,NYSE
GZT,NYSE
GCP,NYSE
GNK,NYSE
GNRT,NYSE
GNRC,NYSE
GAM,NYSE
GAM^B,NYSE
BGC,NYSE
GD,NYSE
GEK,NYSE
GE,NYSE
GIS,NYSE
GM,NYSE
GM.WS.B,NYSE
GCO,NYSE
GWR,NYSE
GEL,NYSE
GEN           ,NYSE
GNE,NYSE
GNE^A,NYSE
G,NYSE
GPC,NYSE
GNW,NYSE
GEO,NYSE
GPRK,NYSE
GPJA,NYSE
GGB,NYSE
GTY,NYSE
GGP,NYSE
GGP^A,NYSE
GIG,NYSE
GIG.U,NYSE
GIG.WS,NYSE
GIG~,NYSE
GIL,NYSE
GLT,NYSE
GKOS,NYSE
GSK,NYSE
BRSS,NYSE
CO,NYSE
GMRE,NYSE
GMRE^A,NYSE
GNL,NYSE
GNL^A,NYSE
GLP,NYSE
GPN,NYSE
GSL,NYSE
GSL^B,NYSE
GLOB,NYSE
GMED,NYSE
GMS,NYSE
GNC,NYSE
GDDY,NYSE
GOL,NYSE
GFI,NYSE
GG,NYSE
GSBD,NYSE
GS,NYSE
GS^A,NYSE
GS^B,NYSE
GS^C,NYSE
GS^D,NYSE
GS^J,NYSE
GS^K,NYSE
GS^N,NYSE
GER,NYSE
GMZ,NYSE
GRC,NYSE
GPX,NYSE
GGG,NYSE
GHM,NYSE
GHC,NYSE
GPT,NYSE
GPT^A,NYSE
GRAM,NYSE
GVA,NYSE
GPMT,NYSE
GRP.U,NYSE
GPK,NYSE
GTN,NYSE
GTN.A,NYSE
AJX,NYSE
AJXA,NYSE
GXP,NYSE
GWB,NYSE
GDOT,NYSE
GBX,NYSE
GHL,NYSE
GHG,NYSE
GEF,NYSE
GEF.B,NYSE
GFF,NYSE
GPI,NYSE
GRUB,NYSE
PAC,NYSE
ASR,NYSE
AVAL,NYSE
SUPV,NYSE
TV,NYSE
GTT,NYSE
GSH,NYSE
GES,NYSE
GGM,NYSE
GPM,NYSE
GOF,NYSE
GBAB,NYSE
GWRE,NYSE
HRB,NYSE
FUL,NYSE
HAE,NYSE
HK,NYSE
HK.WS,NYSE
HAL,NYSE
HYH,NYSE
HBB,NYSE
HBI,NYSE
HASI,NYSE
HOG,NYSE
HMY,NYSE
HRS,NYSE
HSC,NYSE
HHS,NYSE
HGH,NYSE
HIG,NYSE
HIG.WS,NYSE
HVT,NYSE
HVT.A,NYSE
HE,NYSE
HE^U,NYSE
HCHC,NYSE
HCA,NYSE
HCI,NYSE
HCP,NYSE
HDB,NYSE
HR,NYSE
HTA,NYSE
HL,NYSE
HL^B,NYSE
HEI,NYSE
HEI.A,NYSE
HLX,NYSE
HP,NYSE
HLF,NYSE
HRI,NYSE
HTGC,NYSE
HTGX,NYSE
HRTG,NYSE
HT,NYSE
HT^C,NYSE
HT^D,NYSE
HT^E,NYSE
HSY,NYSE
HTZ,NYSE
HES,NYSE
HES^A,NYSE
HESM,NYSE
HPE,NYSE
HXL,NYSE
HF,NYSE
HCLP,NYSE
HFRO,NYSE
HPR,NYSE
HIW,NYSE
HIL,NYSE
HI,NYSE
HRC,NYSE
HTH,NYSE
HGV,NYSE
HLT,NYSE
HNI,NYSE
HMLP,NYSE
HMLP^A,NYSE
HEP,NYSE
HFC,NYSE
HD,NYSE
HMC,NYSE
HON,NYSE
HMN,NYSE
HZN,NYSE
HTFA,NYSE
HRL,NYSE
HOS,NYSE
HST,NYSE
HLI,NYSE
HOV,NYSE
HHC,NYSE
HPQ,NYSE
HRG,NYSE
HSBC,NYSE
HSBC^A,NYSE
HSEA,NYSE
HSEB,NYSE
HMI,NYSE
HNP,NYSE
HUBB,NYSE
HUBS,NYSE
HBM,NYSE
HBM.WS,NYSE
HUD,NYSE
HPP,NYSE
HGT,NYSE
HUM,NYSE
HII,NYSE
HUN,NYSE
H,NYSE
HY,NYSE
IAG,NYSE
IBN,NYSE
IDA,NYSE
IEX,NYSE
IDT,NYSE
ITW,NYSE
IMAX,NYSE
ICD,NYSE
IHC,NYSE
IRT,NYSE
IFN,NYSE
IBA,NYSE
INFY,NYSE
HIFR,NYSE
ING,NYSE
ISF,NYSE
ISG,NYSE
IR,NYSE
NGVT,NYSE
INGR,NYSE
IIPR,NYSE
IIPR^A,NYSE
IPHI,NYSE
INSI,NYSE
NSP,NYSE
IBP,NYSE
INST,NYSE
ITGR,NYSE
I,NYSE
ICE,NYSE
IHG,NYSE
IFF,NYSE
IBM,NYSE
IGT,NYSE
IP,NYSE
INSW,NYSE
IPG,NYSE
IPL^D,NYSE
INXN,NYSE
IPI,NYSE
XON,NYSE
IVC,NYSE
VBF,NYSE
VCV,NYSE
VTA,NYSE
IHIT,NYSE
IHTA,NYSE
VLT,NYSE
IVR,NYSE
IVR^B,NYSE
IVR^C,NYSE
IVR^A,NYSE
OIA,NYSE
VMO,NYSE
VKQ,NYSE
VPV,NYSE
IVZ,NYSE
IQI,NYSE
VVR,NYSE
VTN,NYSE
VGM,NYSE
IIM,NYSE
ITG,NYSE
IRET,NYSE
IRET^C,NYSE
NVTA,NYSE
INVH,NYSE
IO,NYSE
IQV,NYSE
IRM,NYSE
IRS,NYSE
ICL,NYSE
STAR          ,NYSE
STAR^D,NYSE
STAR^G,NYSE
STAR^I,NYSE
ITCB,NYSE
ITUB,NYSE
ITT,NYSE
IVH,NYSE
JPM,NYSE
JPM.WS,NYSE
JPM^A,NYSE
JPM^B,NYSE
JPM^E,NYSE
JPM^F,NYSE
JPM^G,NYSE
JPM^H,NYSE
JAX,NYSE
JILL,NYSE
JCP,NYSE
SJM,NYSE
JBL,NYSE
JEC,NYSE
JAG,NYSE
JHX,NYSE
JHG,NYSE
JOF,NYSE
JBGS,NYSE
JELD,NYSE
JCAP,NYSE
JCAP^B,NYSE
JT,NYSE
JKS,NYSE
JMP,NYSE
JMPB,NYSE
JMPD,NYSE
JBT,NYSE
BTO,NYSE
HEQ,NYSE
JHS,NYSE
JHI,NYSE
HPF,NYSE
HPI,NYSE
HPS,NYSE
PDT,NYSE
HTD,NYSE
HTY,NYSE
JW.A,NYSE
JW.B,NYSE
JNJ,NYSE
JCI,NYSE
JONE,NYSE
JLL,NYSE
JMEI,NYSE
JNPR,NYSE
JP,NYSE
JE,NYSE
JE^A,NYSE
LRN,NYSE
KAI,NYSE
KDMN,NYSE
KAMN,NYSE
KSU,NYSE
KSU^,NYSE
KS,NYSE
KAR,NYSE
KED,NYSE
KYE,NYSE
KMF,NYSE
KYN,NYSE
KYN^F,NYSE
KB,NYSE
KBH,NYSE
KBR,NYSE
KAP,NYSE
FRAC,NYSE
K,NYSE
KEM,NYSE
KMPA,NYSE
KMPR,NYSE
KMT,NYSE
KW,NYSE
KEN,NYSE
KEG,NYSE
KEY,NYSE
KEY^I,NYSE
KEYS,NYSE
KRC,NYSE
KRP,NYSE
KMB,NYSE
KIM,NYSE
KIM^I,NYSE
KIM^J,NYSE
KIM^K,NYSE
KIM^L,NYSE
KIM^M,NYSE
KMI,NYSE
KMI^A,NYSE
KND,NYSE
KFS,NYSE
KGC,NYSE
KEX,NYSE
KL,NYSE
KRG,NYSE
KKR,NYSE
KKR^A,NYSE
KKR^B,NYSE
KIO,NYSE
KREF,NYSE
KMG,NYSE
KNX,NYSE
KNL,NYSE
KNOP,NYSE
KN,NYSE
KSS,NYSE
PHG,NYSE
KOP,NYSE
KEP,NYSE
KF,NYSE
KFY,NYSE
KOS,NYSE
KRA,NYSE
KR,NYSE
KRO,NYSE
KT,NYSE
KYO,NYSE
LB,NYSE
SCX,NYSE
LLL,NYSE
LQ,NYSE
LH,NYSE
LADR,NYSE
LW,NYSE
LCI,NYSE
LPI,NYSE
LVS,NYSE
LHO,NYSE
LHO^I,NYSE
LHO^J,NYSE
LTM,NYSE
LDF,NYSE
LGI,NYSE
LAZ,NYSE
LOR,NYSE
LZB,NYSE
LCII,NYSE
LFGR,NYSE
LEA,NYSE
LEE,NYSE
LGC,NYSE
LGC.U,NYSE
LGC.WS,NYSE
LM,NYSE
LMHA,NYSE
LMHB,NYSE
LEG,NYSE
JBK,NYSE
KTH,NYSE
KTN,NYSE
KTP,NYSE
LDOS,NYSE
LEJU,NYSE
LC,NYSE
LEN,NYSE
LEN.B,NYSE
LII,NYSE
LHC,NYSE
LHC.U,NYSE
LHC.WS,NYSE
LUK,NYSE
LXP,NYSE
LXP^C,NYSE
LPL,NYSE
USA,NYSE
ASG,NYSE
LBRT,NYSE
LPT,NYSE
LSI,NYSE
LITB,NYSE
LNC,NYSE
LNC.WS,NYSE
LNN,NYSE
LN,NYSE
LKM,NYSE
LGF.A,NYSE
LGF.B,NYSE
LAD,NYSE
LAC,NYSE
LYV,NYSE
LYG,NYSE
SCD,NYSE
LMT,NYSE
L,NYSE
LOMA,NYSE
LPX,NYSE
LOW,NYSE
LXU,NYSE
LKSD,NYSE
LTC,NYSE
LUB,NYSE
LL,NYSE
LXFR,NYSE
LXFT,NYSE
LDL,NYSE
WLH,NYSE
LYB,NYSE
MTB,NYSE
MTB.WS,NYSE
MTB^,NYSE
MTB^C,NYSE
MDC,NYSE
MHO,NYSE
MAC,NYSE
CLI,NYSE
MFD,NYSE
MGU,NYSE
MIC,NYSE
BMA,NYSE
M,NYSE
MCN,NYSE
MSP,NYSE
MMP,NYSE
MGA,NYSE
MX,NYSE
MH^A,NYSE
MH^C,NYSE
MH^D,NYSE
MHLA,NYSE
MHNC,NYSE
MAIN,NYSE
MMD,NYSE
MNK,NYSE
MZF,NYSE
MANU,NYSE
MTW,NYSE
MN,NYSE
MAN,NYSE
MFC,NYSE
MRO,NYSE
MPC,NYSE
MMI,NYSE
MCS,NYSE
MRIN,NYSE
MPX,NYSE
HZO,NYSE
MKL,NYSE
VAC,NYSE
MMC,NYSE
MLM,NYSE
MAS,NYSE
DOOR,NYSE
MTZ,NYSE
MA,NYSE
MTDR,NYSE
MTRN,NYSE
MATX,NYSE
MLP,NYSE
MAXR,NYSE
MMS,NYSE
MXL,NYSE
MBI,NYSE
MKC,NYSE
MKC.V,NYSE
MDR,NYSE
MCD,NYSE
MUX,NYSE
MCK,NYSE
MDU,NYSE
MTL,NYSE
MTL^,NYSE
MRT,NYSE
MPW,NYSE
MED,NYSE
MCC,NYSE
MCV,NYSE
MCX,NYSE
MDLQ,NYSE
MDLX,NYSE
MDLY,NYSE
MD,NYSE
MDT,NYSE
MRK,NYSE
MCY,NYSE
MDP,NYSE
MTH,NYSE
MTOR,NYSE
MER^K,NYSE
MER^P,NYSE
PIY,NYSE
MTR,NYSE
MSB,NYSE
MEI,NYSE
MET,NYSE
MET^A,NYSE
MCB,NYSE
MTD,NYSE
MXE,NYSE
MXF,NYSE
MFA,NYSE
MFA^B,NYSE
MFO,NYSE
MFCB,NYSE
MCR,NYSE
MGF,NYSE
MIN,NYSE
MMT,NYSE
MFM,NYSE
MFV,NYSE
MTG,NYSE
MGP,NYSE
MGM,NYSE
KORS,NYSE
MFGP,NYSE
MAA,NYSE
MAA^I,NYSE
MSL,NYSE
MPO,NYSE
MCRN,NYSE
MLR,NYSE
HIE,NYSE
MTX,NYSE
MP^D,NYSE
MG,NYSE
MUFG,NYSE
MIXT,NYSE
MFG,NYSE
MBT,NYSE
MODN,NYSE
MOD,NYSE
MC,NYSE
MHK,NYSE
MOH,NYSE
TAP,NYSE
TAP.A,NYSE
MNR,NYSE
MNR^C,NYSE
MON,NYSE
MCO,NYSE
MOG.A,NYSE
MOG.B,NYSE
MS,NYSE
MS^A,NYSE
MS^E,NYSE
MS^F,NYSE
MS^G,NYSE
MS^I,NYSE
MS^K,NYSE
APF,NYSE
CAF,NYSE
MSD,NYSE
EDD,NYSE
MSF,NYSE
IIF,NYSE
MOSC,NYSE
MOSC.U,NYSE
MOSC.WS,NYSE
MOS,NYSE
MSI,NYSE
MOV,NYSE
MPLX,NYSE
MRC,NYSE
ICB,NYSE
HJV,NYSE
MSA,NYSE
MSM,NYSE
MSCI,NYSE
MSGN,NYSE
MLI,NYSE
MWA,NYSE
MULE,NYSE
MUR,NYSE
MUSA,NYSE
MVO,NYSE
MVC,NYSE
MVCD,NYSE
MYE,NYSE
MYOV,NYSE
NBR,NYSE
NC,NYSE
NTP,NYSE
NTEST,NYSE
NTEST.A,NYSE
NTEST.B,NYSE
NTEST.C,NYSE
NBHC,NYSE
NFG,NYSE
NGG,NYSE
NHI,NYSE
NOV,NYSE
NPK,NYSE
NNN,NYSE
NNN^E,NYSE
NNN^F,NYSE
SID,NYSE
NSA,NYSE
NSA^A,NYSE
NSM,NYSE
NGS,NYSE
NGVC,NYSE
NRP,NYSE
NTZ,NYSE
NLS,NYSE
NCI,NYSE
NVGS,NYSE
NNA,NYSE
NM,NYSE
NM^G,NYSE
NM^H,NYSE
NAP,NYSE
NMM,NYSE
NAV,NYSE
NAV^D,NYSE
NCS,NYSE
NCR,NYSE
NP,NYSE
NNI,NYSE
NPTN,NYSE
NETS,NYSE
NVRO,NYSE
HYB,NYSE
GF,NYSE
NWHM,NYSE
IRL,NYSE
NEWM,NYSE
NMFC,NYSE
EDU,NYSE
NEWR,NYSE
NRZ,NYSE
SNR,NYSE
NWY,NYSE
NYCB,NYSE
NYCB^A,NYSE
NYCB^U,NYSE
NYRT,NYSE
NYT,NYSE
NWL,NYSE
NFX,NYSE
NJR,NYSE
NEU,NYSE
NEM,NYSE
NR,NYSE
NEXA,NYSE
NXRT,NYSE
NHF,NYSE
NEP,NYSE
NEE,NYSE
NEE^I,NYSE
NEE^J,NYSE
NEE^K,NYSE
NEE^Q,NYSE
NEE^R,NYSE
NGL,NYSE
NGL^B,NYSE
NMK^B,NYSE
NMK^C,NYSE
NLSN,NYSE
NKE,NYSE
NINE,NYSE
NI,NYSE
NL,NYSE
NOAH,NYSE
NE,NYSE
NBL,NYSE
NBLX,NYSE
NOK,NYSE
NOMD,NYSE
NMR,NYSE
OSB,NYSE
NAO,NYSE
NAT,NYSE
JWN,NYSE
NSC,NYSE
NOA,NYSE
NRT,NYSE
NOC,NYSE
NRE,NYSE
NWN,NYSE
NWE,NYSE
NCLH,NYSE
NVS,NYSE
NVO,NYSE
DNOW,NYSE
NRG,NYSE
NYLD,NYSE
NYLD.A,NYSE
DCM,NYSE
NUS,NYSE
NUE,NYSE
NS,NYSE
NS^A,NYSE
NS^B,NYSE
NS^C,NYSE
NSH,NYSE
NSS,NYSE
NTR,NYSE
JMLP,NYSE
NVG,NYSE
NUV,NYSE
NUW,NYSE
NEA,NYSE
NAZ,NYSE
NBB,NYSE
NBD,NYSE
NKX,NYSE
NCB,NYSE
NCA,NYSE
NAC,NYSE
NTC,NYSE
JCE,NYSE
JCO,NYSE
JQC,NYSE
JDD,NYSE
DIAX,NYSE
JEMD,NYSE
JMF,NYSE
NEV,NYSE
JFR,NYSE
JRO,NYSE
NKG,NYSE
JGH,NYSE
JHA,NYSE
JHY,NYSE
JHD,NYSE
JHB,NYSE
NXC,NYSE
NXN,NYSE
NID,NYSE
NMY,NYSE
NMT,NYSE
NUM,NYSE
NMS,NYSE
NOM,NYSE
JLS,NYSE
JMM,NYSE
NHA,NYSE
NZF,NYSE
NMZ,NYSE
NMI,NYSE
NJV,NYSE
NXJ,NYSE
NRK,NYSE
NYV,NYSE
NNY,NYSE
NAN,NYSE
NNC,NYSE
NUO,NYSE
NPN,NYSE
NQP,NYSE
JPC,NYSE
JPS,NYSE
JPT,NYSE
JPI,NYSE
NAD,NYSE
JRI,NYSE
JRS,NYSE
BXMX,NYSE
SPXX,NYSE
NIM,NYSE
NXP,NYSE
NXQ,NYSE
NXR,NYSE
NSL,NYSE
JSD,NYSE
JTD,NYSE
JTA,NYSE
NTX,NYSE
NPV,NYSE
NIQ,NYSE
JMT,NYSE
NVR,NYSE
OAK,NYSE
OSLE,NYSE
OMP,NYSE
OAS,NYSE
OBE,NYSE
OXY,NYSE
OII,NYSE
OZM,NYSE
OCIP,NYSE
OCN,NYSE
OFG,NYSE
OFG^A,NYSE
OFG^B,NYSE
OFG^D,NYSE
OGE,NYSE
OIBR.C,NYSE
OIS,NYSE
ODC,NYSE
ORI,NYSE
OLN,NYSE
OHI,NYSE
OMC,NYSE
OMN,NYSE
ONDK,NYSE
OGS,NYSE
OLP,NYSE
OMAD,NYSE
OMAD.U,NYSE
OMAD.WS,NYSE
OMF,NYSE
OKE,NYSE
ONE,NYSE
OOMA,NYSE
OPY,NYSE
ORCL,NYSE
ORAN,NYSE
OA,NYSE
ORC,NYSE
OEC,NYSE
ORN,NYSE
IX,NYSE
ORA,NYSE
OSK,NYSE
OR,NYSE
OUT,NYSE
OSG,NYSE
OMI,NYSE
OC,NYSE
OI,NYSE
OXM,NYSE
ROYT,NYSE
PCG,NYSE
PKG,NYSE
PAGS,NYSE
PANW,NYSE
PAM,NYSE
P,NYSE
PHX,NYSE
PARR,NYSE
PAR,NYSE
PGRE,NYSE
PKE,NYSE
PK,NYSE
PKD,NYSE
PH,NYSE
PE,NYSE
PRE^F,NYSE
PRE^G,NYSE
PRE^H,NYSE
PRE^I,NYSE
PRTY,NYSE
PAYC,NYSE
PBF,NYSE
PBFX,NYSE
BTU,NYSE
PSO,NYSE
PEB,NYSE
PEB^C,NYSE
PEB^D,NYSE
PBA,NYSE
PGH,NYSE
PEI,NYSE
PEI^B,NYSE
PEI^C,NYSE
PEI^D,NYSE
PFSI,NYSE
PMT,NYSE
PMT^A,NYSE
PMT^B,NYSE
PAG,NYSE
PNR,NYSE
PEN,NYSE
PFGC,NYSE
PKI,NYSE
PBT,NYSE
PRGO,NYSE
PZE,NYSE
PTR,NYSE
PBR,NYSE
PBR.A,NYSE
PQ,NYSE
PFE,NYSE
PGTI,NYSE
PHH,NYSE
PM,NYSE
PSX,NYSE
PSXP,NYSE
FENG,NYSE
DOC,NYSE
PDM,NYSE
PIR,NYSE
PCQ,NYSE
PCK,NYSE
PZC,NYSE
PCM,NYSE
PTY,NYSE
PCN,NYSE
PCI,NYSE
PDI,NYSE
PGP,NYSE
PHK,NYSE
PKO,NYSE
PFL,NYSE
PFN,NYSE
PMF,NYSE
PML,NYSE
PMX,NYSE
PNF,NYSE
PNI,NYSE
PYN,NYSE
RCS,NYSE
PF,NYSE
PNW,NYSE
PES,NYSE
PHD,NYSE
PHT,NYSE
MAV,NYSE
MHI,NYSE
PXD,NYSE
PJC,NYSE
PBI,NYSE
PBI^B,NYSE
PJT,NYSE
PAA,NYSE
PAGP,NYSE
PLNT,NYSE
PLT,NYSE
PAH,NYSE
AGS,NYSE
PHI,NYSE
PGEM,NYSE
PNC,NYSE
PNC.WS,NYSE
PNC^P,NYSE
PNC^Q,NYSE
PNM,NYSE
PII,NYSE
POL,NYSE
POR,NYSE
PKX,NYSE
POST,NYSE
PPDF,NYSE
PPG,NYSE
PPX,NYSE
PPL,NYSE
PYS,NYSE
PYT,NYSE
PQG,NYSE
PX,NYSE
PDS,NYSE
APTS,NYSE
PBH,NYSE
PVG,NYSE
PRI,NYSE
PGZ,NYSE
PRA,NYSE
PG,NYSE
PGR,NYSE
PLD,NYSE
PUMP,NYSE
PRO,NYSE
PBB,NYSE
PB,NYSE
PRLB,NYSE
PFS,NYSE
PJH,NYSE
PRH,NYSE
PRU,NYSE
GHY,NYSE
PUK,NYSE
PUK^,NYSE
PUK^A,NYSE
ISD,NYSE
PSB,NYSE
PSB^U,NYSE
PSB^V,NYSE
PSB^W,NYSE
PSB^X,NYSE
PSB^Y,NYSE
TLK,NYSE
PEG,NYSE
PSA,NYSE
PSA^A,NYSE
PSA^B,NYSE
PSA^C,NYSE
PSA^D,NYSE
PSA^E,NYSE
PSA^F,NYSE
PSA^G,NYSE
PSA^U,NYSE
PSA^V,NYSE
PSA^W,NYSE
PSA^X,NYSE
PSA^Y,NYSE
PSA^Z,NYSE
PHM,NYSE
PSTG,NYSE
PCF,NYSE
PMM,NYSE
PIM,NYSE
PMO,NYSE
PPT,NYSE
PVH,NYSE
PZN,NYSE
QTWO,NYSE
QEP,NYSE
QGEN,NYSE
QTS,NYSE
QTS^A,NYSE
QUAD,NYSE
KWR,NYSE
QCP,NYSE
NX,NYSE
PWR,NYSE
QTM,NYSE
QD,NYSE
DGX,NYSE
QES,NYSE
QHC,NYSE
QUOT,NYSE
CTAA,NYSE
CTBB,NYSE
CTDD,NYSE
CTU,NYSE
CTV,NYSE
CTW,NYSE
CTX,NYSE
CTY,NYSE
CTZ,NYSE
RRD,NYSE
RDN,NYSE
RAS,NYSE
RAS^A,NYSE
RAS^B,NYSE
RAS^C,NYSE
RFT,NYSE
RFTA,NYSE
RL,NYSE
RPT,NYSE
RPT^D,NYSE
RRC,NYSE
RNGR,NYSE
RJF,NYSE
RYAM,NYSE
RYAM^A,NYSE
RYN,NYSE
RTN,NYSE
RMAX,NYSE
RLGY,NYSE
O,NYSE
RHT,NYSE
RLH,NYSE
RWT,NYSE
RBC,NYSE
RWGE,NYSE
RWGE.U,NYSE
RWGE.WS,NYSE
REG,NYSE
RM,NYSE
RF,NYSE
RF^A,NYSE
RF^B,NYSE
RGS,NYSE
RGA,NYSE
RZA,NYSE
RZB,NYSE
RS,NYSE
RENX,NYSE
RELX,NYSE
RNR,NYSE
RNR^C,NYSE
RNR^E,NYSE
SOL,NYSE
RENN,NYSE
RSG,NYSE
RMD,NYSE
REN           ,NYSE
RFP,NYSE
RSO,NYSE
RSO^C,NYSE
QSR,NYSE
RPAI,NYSE
REVG,NYSE
REV,NYSE
REX,NYSE
REXR,NYSE
REXR^A,NYSE
REXR^B,NYSE
RXN,NYSE
RXN^A,NYSE
RH,NYSE
RMP,NYSE
RNG,NYSE
RIO,NYSE
RBA,NYSE
RAD,NYSE
RMPL^,NYSE
RIV,NYSE
OPP,NYSE
RLI,NYSE
RLJ,NYSE
RLJ^A,NYSE
RRTS,NYSE
RHI,NYSE
ROK,NYSE
COL,NYSE
RCI,NYSE
ROG,NYSE
ROL,NYSE
ROP,NYSE
RST,NYSE
RDC,NYSE
RY,NYSE
RY^T,NYSE
RBS,NYSE
RBS^S,NYSE
RCL,NYSE
RDS.A,NYSE
RDS.B,NYSE
RGT,NYSE
RMT,NYSE
RVT,NYSE
RES,NYSE
RPM,NYSE
RSPP,NYSE
RTEC,NYSE
RYB,NYSE
R,NYSE
RYI,NYSE
RHP,NYSE
SPGI,NYSE
SBR,NYSE
SB,NYSE
SB^C,NYSE
SB^D,NYSE
SFE,NYSE
SAFE,NYSE
SAIL,NYSE
CRM,NYSE
SMM,NYSE
SBH,NYSE
SJT,NYSE
SN,NYSE
SD,NYSE
SDT,NYSE
SDR,NYSE
PER,NYSE
SNY,NYSE
SC,NYSE
SOV^C,NYSE
SAP,NYSE
SAB,NYSE
SAR,NYSE
SSL,NYSE
BFS,NYSE
BFS^C,NYSE
BFS^D,NYSE
SCG,NYSE
SLB,NYSE
SNDR,NYSE
SWM,NYSE
SAIC,NYSE
SALT,NYSE
SLTB,NYSE
SBBC,NYSE
SBNA,NYSE
STNG,NYSE
SMG,NYSE
KMM,NYSE
KTF,NYSE
KST,NYSE
KSM,NYSE
SE,NYSE
SA,NYSE
CKH,NYSE
SMHI,NYSE
SDRL,NYSE
SDLP,NYSE
SEE,NYSE
SSW,NYSE
SSW^D,NYSE
SSW^E,NYSE
SSW^G,NYSE
SSW^H,NYSE
SSWA,NYSE
SSWN,NYSE
SEAS,NYSE
JBN,NYSE
JBR,NYSE
WTTR,NYSE
SEM,NYSE
SGZA,NYSE
SEMG,NYSE
SMI,NYSE
SRE,NYSE
SRE^A,NYSE
SEND,NYSE
ST,NYSE
SXT,NYSE
SQNS,NYSE
SRG,NYSE
SRG^A,NYSE
SCI,NYSE
SERV,NYSE
NOW,NYSE
SHAK,NYSE
SJR,NYSE
SHLX,NYSE
SHW,NYSE
SHG,NYSE
SFL,NYSE
SHOP,NYSE
SSTK,NYSE
SBGL,NYSE
SIG,NYSE
SBOW,NYSE
SPG,NYSE
SPG^J,NYSE
SSD,NYSE
SHI,NYSE
SITE,NYSE
SIX,NYSE
SJW,NYSE
SKM,NYSE
SKX,NYSE
SLG,NYSE
SLG^I,NYSE
SM,NYSE
SFS,NYSE
SNN,NYSE
AOS,NYSE
SNAP,NYSE
SNA,NYSE
IPOA,NYSE
IPOA.U,NYSE
IPOA.WS,NYSE
SQM,NYSE
SOGO,NYSE
SOI,NYSE
SAH,NYSE
SON,NYSE
SNE,NYSE
BID,NYSE
SOR,NYSE
SJI,NYSE
SXE,NYSE
SCE^G,NYSE
SCE^H,NYSE
SCE^J,NYSE
SCE^K,NYSE
SCE^L,NYSE
SO,NYSE
SOJA,NYSE
SOJB,NYSE
SOJC,NYSE
SCCO,NYSE
LUV,NYSE
SWX,NYSE
SWN,NYSE
SPA,NYSE
SPE,NYSE
SPE^B,NYSE
SEP,NYSE
SPB           ,NYSE
TRK,NYSE
SR,NYSE
SPR,NYSE
SAVE,NYSE
SRC,NYSE
SRC^A,NYSE
SPOT,NYSE
SRLP,NYSE
S,NYSE
SPXC,NYSE
FLOW,NYSE
SQ,NYSE
JOE,NYSE
STAG,NYSE
STAG^B,NYSE
STAG^C,NYSE
SSI,NYSE
SMP,NYSE
SXI,NYSE
SWJ,NYSE
SWK,NYSE
SWP,NYSE
STN,NYSE
SGU,NYSE
SRT,NYSE
STWD,NYSE
STT,NYSE
STT^C,NYSE
STT^D,NYSE
STT^E,NYSE
STT^G,NYSE
STO,NYSE
SPLP,NYSE
SPLP^A,NYSE
SCS,NYSE
SCA,NYSE
SCM,NYSE
SCL,NYSE
STE,NYSE
STL,NYSE
STL^A,NYSE
STC,NYSE
SF,NYSE
SF^A,NYSE
SFB,NYSE
STM,NYSE
SGY,NYSE
EDF,NYSE
EDI,NYSE
STON,NYSE
SRI,NYSE
STOR,NYSE
GJH,NYSE
GJO,NYSE
GJS,NYSE
SYK,NYSE
RGR,NYSE
SPH,NYSE
SMFG,NYSE
INN,NYSE
INN^D,NYSE
INN^E,NYSE
SUM,NYSE
SMLP,NYSE
SUI,NYSE
SLF,NYSE
SXCP,NYSE
SXC,NYSE
SU,NYSE
STG,NYSE
SUN,NYSE
SHO,NYSE
SHO^E,NYSE
SHO^F,NYSE
STI,NYSE
STI.WS.A,NYSE
STI.WS.B,NYSE
STI^A,NYSE
SPN,NYSE
SUP,NYSE
SVU,NYSE
SLD,NYSE
SLDA,NYSE
SWZ,NYSE
SWCH,NYSE
SYF,NYSE
SNX,NYSE
SNV,NYSE
SNV^C,NYSE
GJP,NYSE
GJR,NYSE
GJT,NYSE
GJV,NYSE
SYY,NYSE
SYX,NYSE
DATA,NYSE
TAHO,NYSE
TLRD,NYSE
TWN,NYSE
TSM,NYSE
TAL,NYSE
TEGP,NYSE
TEP,NYSE
SKT,NYSE
TPR,NYSE
NGLS^A,NYSE
TRGP,NYSE
TGT,NYSE
TARO,NYSE
TTM,NYSE
TCO,NYSE
TCO^J,NYSE
TCO^K,NYSE
TMHC,NYSE
TCP,NYSE
TCF,NYSE
TCF.WS,NYSE
TCF^D,NYSE
TSI,NYSE
TEL,NYSE
TISI,NYSE
FTI,NYSE
TECK,NYSE
TK,NYSE
TGP,NYSE
TGP^A,NYSE
TGP^B,NYSE
TOO,NYSE
TOO^A,NYSE
TOO^B,NYSE
TOO^E,NYSE
TNK,NYSE
GCI,NYSE
TGNA,NYSE
TRC,NYSE
HQH,NYSE
THQ,NYSE
HQL,NYSE
THW,NYSE
TDOC,NYSE
TLRA,NYSE
TEO,NYSE
TI,NYSE
TI.A,NYSE
TDY,NYSE
TFX,NYSE
VIV,NYSE
TEF,NYSE
TDA,NYSE
TDE,NYSE
TDI,NYSE
TDJ,NYSE
TDS,NYSE
TU,NYSE
TDF,NYSE
EMF,NYSE
TEI,NYSE
GIM,NYSE
TPX,NYSE
TS,NYSE
THC,NYSE
TNC,NYSE
TEN,NYSE
TVC,NYSE
TVE,NYSE
TDC,NYSE
TER,NYSE
TEX,NYSE
TX,NYSE
TRNO,NYSE
TTI,NYSE
TEVA,NYSE
TPL,NYSE
TGH,NYSE
TXT,NYSE
AES,NYSE
BX,NYSE
CEE,NYSE
SCHW,NYSE
SCHW^C,NYSE
SCHW^D,NYSE
COO,NYSE
GRX,NYSE
GRX^A,NYSE
GRX^B,NYSE
GDL,NYSE
GDL^B,NYSE
GDL^C,NYSE
THG,NYSE
THGA,NYSE
MSG,NYSE
RUBI,NYSE
TRV,NYSE
TMO,NYSE
THR,NYSE
TPRE,NYSE
TSLF,NYSE
TCRX,NYSE
TCRZ,NYSE
TRI,NYSE
THO,NYSE
TDW,NYSE
TDW.WS.A,NYSE
TDW.WS.B,NYSE
TIER,NYSE
TIF,NYSE
TLYS,NYSE
TSU,NYSE
TWX,NYSE
TKR,NYSE
TMST,NYSE
TWI,NYSE
TJX,NYSE
TOL,NYSE
TR,NYSE
BLD,NYSE
TMK,NYSE
TMK^C,NYSE
TTC,NYSE
TD,NYSE
NDP,NYSE
TYG,NYSE
NTG,NYSE
TTP,NYSE
TPZ,NYSE
TOT,NYSE
TSS,NYSE
TOWR,NYSE
TSQ,NYSE
TM,NYSE
TPGE,NYSE
TPGE.U,NYSE
TPGE.WS,NYSE
TPGH,NYSE
TPGH.U,NYSE
TPGH.WS,NYSE
TRTX,NYSE
TSLX,NYSE
TAC,NYSE
TRP,NYSE
TCI,NYSE
TDG,NYSE
TLP,NYSE
RIG,NYSE
TGS,NYSE
TRU,NYSE
TVPT,NYSE
TREC,NYSE
TG,NYSE
THS,NYSE
TREX,NYSE
TY,NYSE
TY^,NYSE
TPH,NYSE
TCAP,NYSE
TCCA,NYSE
TCCB,NYSE
TRCO,NYSE
TNET,NYSE
TRN,NYSE
TSE,NYSE
TPVG,NYSE
TPVY,NYSE
GTS,NYSE
TRTN,NYSE
TGI,NYSE
TROX,NYSE
TBI,NYSE
TNP,NYSE
TNP^B,NYSE
TNP^C,NYSE
TNP^D,NYSE
TNP^E,NYSE
TUP,NYSE
TKC,NYSE
TPB,NYSE
TRQ,NYSE
TPC,NYSE
TWLO,NYSE
TWTR,NYSE
TWO,NYSE
TWO^A,NYSE
TWO^B,NYSE
TWO^C,NYSE
TYL,NYSE
TSN,NYSE
USB,NYSE
USB^A,NYSE
USB^H,NYSE
USB^M,NYSE
USB^O,NYSE
USPH,NYSE
SLCA,NYSE
UBS,NYSE
UDR,NYSE
UGI,NYSE
UGP,NYSE
UMH,NYSE
UMH^B,NYSE
UMH^C,NYSE
UMH^D,NYSE
UA,NYSE
UAA,NYSE
UFI,NYSE
UNF,NYSE
UN,NYSE
UL,NYSE
LTN,NYSE
LTN.U,NYSE
LTN.WS,NYSE
LTN~,NYSE
UNP,NYSE
UIS,NYSE
UNT,NYSE
UAL,NYSE
UMC,NYSE
UPS,NYSE
URI,NYSE
USM,NYSE
UZA,NYSE
UZB,NYSE
UZC,NYSE
X,NYSE
UTX,NYSE
UNH,NYSE
UTL,NYSE
UNVR,NYSE
UVV,NYSE
UHT,NYSE
UHS,NYSE
UVE,NYSE
UTI,NYSE
UNM,NYSE
UE,NYSE
UBA,NYSE
UBP,NYSE
UBP^G,NYSE
UBP^H,NYSE
USFD,NYSE
USAC,NYSE
USNA,NYSE
USDP,NYSE
USG,NYSE
BIF,NYSE
VFC,NYSE
EGY,NYSE
MTN,NYSE
VALE,NYSE
VRX,NYSE
VLO,NYSE
VLP,NYSE
VHI,NYSE
VR,NYSE
VR^A,NYSE
VR^B,NYSE
VLY,NYSE
VLY.WS,NYSE
VLY^A,NYSE
VLY^B,NYSE
VMI,NYSE
VVV,NYSE
VAR,NYSE
VGR,NYSE
VVC,NYSE
VEC,NYSE
VEDL,NYSE
VEEV,NYSE
VNTR,NYSE
VTRB,NYSE
VTR,NYSE
VER,NYSE
VER^F,NYSE
PAY,NYSE
VRTV,NYSE
VZ,NYSE
VZA,NYSE
VET,NYSE
VRS,NYSE
VSM,NYSE
VVI,NYSE
VICI,NYSE
VCO,NYSE
VNCE,NYSE
VIPS,NYSE
ZTR,NYSE
VGI,NYSE
ZF,NYSE
V,NYSE
VSH,NYSE
VPG,NYSE
VSTO,NYSE
DYNC,NYSE
VST,NYSE
VST.WS.A,NYSE
VSI,NYSE
VSLR,NYSE
VMW,NYSE
VOC,NYSE
VCRA,NYSE
VG,NYSE
VNO,NYSE
VNO^K,NYSE
VNO^L,NYSE
VNO^M,NYSE
VJET,NYSE
IAE,NYSE
IHD,NYSE
VOYA,NYSE
IGA,NYSE
IGD,NYSE
IDE,NYSE
IID,NYSE
IRR,NYSE
PPR,NYSE
VMC,NYSE
WTI,NYSE
WPC,NYSE
WRB,NYSE
WRB^B,NYSE
WRB^C,NYSE
WRB^D,NYSE
WRB^E,NYSE
GRA,NYSE
GWW,NYSE
WNC,NYSE
WBC,NYSE
WDR,NYSE
WAGE,NYSE
WD,NYSE
WMT,NYSE
DIS,NYSE
HCC,NYSE
WPG,NYSE
WPG^H,NYSE
WPG^I,NYSE
WRE,NYSE
WCN,NYSE
WM,NYSE
WAT,NYSE
WSO,NYSE
WSO.B,NYSE
WTS,NYSE
W,NYSE
WFT,NYSE
WBS,NYSE
WBS^F,NYSE
WEC,NYSE
WTW,NYSE
WRI,NYSE
WMK,NYSE
WBT,NYSE
WCG,NYSE
WFC,NYSE
WFC.WS,NYSE
WFC^J,NYSE
WFC^L,NYSE
WFC^N,NYSE
WFC^O,NYSE
WFC^P,NYSE
WFC^Q,NYSE
WFC^R,NYSE
WFC^T,NYSE
WFC^V,NYSE
WFC^W,NYSE
WFC^X,NYSE
WFC^Y,NYSE
WFE^A,NYSE
EOD,NYSE
WELL,NYSE
WELL^I,NYSE
WAIR,NYSE
WCC,NYSE
WST,NYSE
WR,NYSE
WAL,NYSE
WALA,NYSE
WEA,NYSE
TLI,NYSE
EMD,NYSE
GDO,NYSE
EHI,NYSE
HIX,NYSE
HIO,NYSE
HYI,NYSE
SBI,NYSE
IGI,NYSE
PAI,NYSE
MMU,NYSE
WMC,NYSE
DMO,NYSE
MTT,NYSE
MHF,NYSE
MNP,NYSE
GFY,NYSE
WIW,NYSE
WIA,NYSE
WGP,NYSE
WES,NYSE
WU,NYSE
WAB,NYSE
WLK,NYSE
WLKP,NYSE
WMLP,NYSE
WBK,NYSE
WRK,NYSE
WHG,NYSE
WEX,NYSE
WY,NYSE
WGL,NYSE
WPM,NYSE
WHR,NYSE
WTM,NYSE
WSR,NYSE
WLL,NYSE
WOW,NYSE
WRD,NYSE
WMB,NYSE
WPZ,NYSE
WSM,NYSE
WGO,NYSE
WIT,NYSE
WNS,NYSE
WWW,NYSE
WF,NYSE
WK,NYSE
INT,NYSE
WWE,NYSE
WP,NYSE
WOR,NYSE
WPP,NYSE
WPX,NYSE
WPXP,NYSE
WYN,NYSE
XFLT,NYSE
XHR,NYSE
XRM,NYSE
XRX,NYSE
XIN,NYSE
XL,NYSE
XOXO,NYSE
XPO,NYSE
XYL,NYSE
AUY,NYSE
YELP,NYSE
YEXT,NYSE
YGE,NYSE
YRD,NYSE
YPF,NYSE
YUMC,NYSE
YUM,NYSE
ZAYO,NYSE
ZEN,NYSE
ZBH,NYSE
ZB^A,NYSE
ZB^G,NYSE
ZB^H,NYSE
ZBK,NYSE
ZOES,NYSE
ZTS,NYSE
ZTO,NYSE
ZYME,NYSE
XXII,AMEX
FAX,AMEX
IAF,AMEX
CH,AMEX
ABE           ,AMEX
FCO,AMEX
IF,AMEX
ISL,AMEX
ACU,AMEX
ATNM,AMEX
AE,AMEX
ACY,AMEX
UAVS,AMEX
AIRI,AMEX
AXU,AMEX
ALO,AMEX
AAU,AMEX
APT,AMEX
AAMC,AMEX
DIT,AMEX
ALN,AMEX
AMS,AMEX
USAS,AMEX
AMPE,AMEX
APHB,AMEX
ARNC^,AMEX
AKG,AMEX
AINC,AMEX
ASB.WS,AMEX
AST,AMEX
AUG,AMEX
AWX,AMEX
ASM,AMEX
BTG,AMEX
BTN,AMEX
BKJ,AMEX
BCV,AMEX
BCV^A,AMEX
BHB,AMEX
BRN,AMEX
BGSF,AMEX
BPMX,AMEX
BTX,AMEX
BTX.WS,AMEX
BGI,AMEX
BZM,AMEX
MHE,AMEX
BLE,AMEX
BLJ,AMEX
BFY,AMEX
BHV,AMEX
BDR,AMEX
BRG,AMEX
BRG^A,AMEX
BRG^C,AMEX
BRG^D,AMEX
BVX,AMEX
BWL.A,AMEX
CMCL,AMEX
CEI,AMEX
CANF,AMEX
ROX,AMEX
CAW,AMEX
CVM,AMEX
CVM.WS,AMEX
CET,AMEX
LEU,AMEX
CCF,AMEX
CQH,AMEX
CQP,AMEX
LNG,AMEX
CVR,AMEX
CPHI,AMEX
CISN.WS,AMEX
CKX,AMEX
GLV,AMEX
GLQ,AMEX
GLO,AMEX
COHN,AMEX
MOC,AMEX
CIX,AMEX
LODE,AMEX
CDOR,AMEX
CTO,AMEX
MCF,AMEX
CUO,AMEX
CMT,AMEX
CVRS,AMEX
CRMD,AMEX
CRF,AMEX
CLM,AMEX
CVU,AMEX
CIK,AMEX
DHY,AMEX
CRHM,AMEX
CTEK,AMEX
DXR,AMEX
VCF,AMEX
VFL,AMEX
VMM,AMEX
DLA,AMEX
DNN,AMEX
DGSE,AMEX
DSS,AMEX
DPW,AMEX
DMF,AMEX
DXF,AMEX
GRF,AMEX
EVM,AMEX
EIA,AMEX
CEV,AMEX
EVV,AMEX
MAB,AMEX
MMV,AMEX
MIW,AMEX
EMI,AMEX
EIM,AMEX
EIV,AMEX
EMJ,AMEX
EVJ,AMEX
ENX,AMEX
NYH,AMEX
EVY,AMEX
EIO,AMEX
EVO,AMEX
EIP,AMEX
EVP,AMEX
ELMD,AMEX
ELLO,AMEX
ECF,AMEX
ECF^A,AMEX
EMAN,AMEX
MSN,AMEX
EMX,AMEX
UUUU,AMEX
UUUU.WS,AMEX
ENSV,AMEX
ESNC,AMEX
EGI,AMEX
EVI,AMEX
ERN,AMEX
ESP,AMEX
EVBN,AMEX
EPM,AMEX
FEN,AMEX
BDL,AMEX
FSI,AMEX
FTF,AMEX
FSP,AMEX
FRD,AMEX
FTNW,AMEX
GGN,AMEX
GGN^B,AMEX
GST,AMEX
GST^A,AMEX
GST^B,AMEX
JOB,AMEX
GMO,AMEX
GSB,AMEX
GSAT,AMEX
GLOW,AMEX
GORO,AMEX
GSV,AMEX
AUMN,AMEX
GSS,AMEX
GV,AMEX
GDP,AMEX
GTE,AMEX
GPL,AMEX
SIM,AMEX
GVP,AMEX
GLF,AMEX
GLF.WS,AMEX
HEB,AMEX
HCAC,AMEX
HCAC.U,AMEX
HCAC.WS,AMEX
HLM^,AMEX
HMG,AMEX
HUSA,AMEX
IBIO,AMEX
IBO,AMEX
IEC,AMEX
IMUC,AMEX
IMUC.WS,AMEX
IMH,AMEX
IMO,AMEX
IOR,AMEX
IGC,AMEX
INFU,AMEX
IHT,AMEX
NSPR,AMEX
NSPR.WS,AMEX
NSPR.WS.B,AMEX
IDN,AMEX
INS,AMEX
THM,AMEX
INTT,AMEX
INUV,AMEX
VKI,AMEX
ISR,AMEX
ISDR,AMEX
KIQ,AMEX
KLDX,AMEX
LTS,AMEX
LTS^A,AMEX
LTSL,AMEX
LAQ,AMEX
LEVB,AMEX
LGL,AMEX
LBY,AMEX
LLEX,AMEX
LIQT,AMEX
MAG,AMEX
MJCO,AMEX
MHH,AMEX
MTNB,AMEX
MNI,AMEX
IPB,AMEX
MXC,AMEX
CCA,AMEX
MICR,AMEX
MLSS,AMEX
MVF,AMEX
MZA,AMEX
MYO,AMEX
NNVC,AMEX
ATEST,AMEX
ATEST.A,AMEX
ATEST.B,AMEX
ATEST.C,AMEX
NHC,AMEX
NAVB,AMEX
NTIP,AMEX
NBW,AMEX
NHS,AMEX
NBH,AMEX
NML,AMEX
NBO,AMEX
NRO,AMEX
UWN,AMEX
NSU,AMEX
GBR,AMEX
NEN,AMEX
NGD,AMEX
NXE,AMEX
HLTH,AMEX
NAK,AMEX
NOG,AMEX
NBY,AMEX
NG,AMEX
NTN,AMEX
NES,AMEX
OCX,AMEX
OGEN,AMEX
TIS,AMEX
ONP,AMEX
ORM,AMEX
PCG^A,AMEX
PCG^B,AMEX
PCG^C,AMEX
PCG^D,AMEX
PCG^E,AMEX
PCG^G,AMEX
PCG^H,AMEX
PCG^I,AMEX
PTN,AMEX
PZG,AMEX
TEUM,AMEX
PRK,AMEX
PED,AMEX
PFNX,AMEX
HNW,AMEX
PLG,AMEX
PLYM,AMEX
PLYM^A,AMEX
PLM,AMEX
PW,AMEX
PW^A,AMEX
PLX,AMEX
RLGT,AMEX
RLGT^A,AMEX
RFL,AMEX
UTG,AMEX
REED,AMEX
RHE,AMEX
RHE^A,AMEX
RWC,AMEX
RCG,AMEX
RVP,AMEX
RNN,AMEX
REI,AMEX
RIF,AMEX
SACH,AMEX
SGA,AMEX
SNMP,AMEX
SAND          ,AMEX
SEB,AMEX
SENS,AMEX
SVT,AMEX
SMTS,AMEX
SIF,AMEX
SVM,AMEX
SKY,AMEX
XPL,AMEX
SCE^B,AMEX
SCE^C,AMEX
SCE^D,AMEX
SCE^E,AMEX
SGB,AMEX
LOV,AMEX
SRCI,AMEX
SGY.WS,AMEX
SSY,AMEX
SDPI,AMEX
SYN,AMEX
TKAT,AMEX
TRX,AMEX
TGB,AMEX
TIK,AMEX
TGC,AMEX
GLU,AMEX
GLU^A,AMEX
GGO,AMEX
GGO^A,AMEX
TMP,AMEX
TAT,AMEX
TRXC,AMEX
TMQ,AMEX
TPHS,AMEX
TRT,AMEX
HTM,AMEX
UFAB,AMEX
UAMY,AMEX
UUU,AMEX
UQM,AMEX
URG,AMEX
UEC,AMEX
VII,AMEX
VHC,AMEX
VGZ,AMEX
VNRX,AMEX
VISI,AMEX
EAD,AMEX
ERC,AMEX
ERH,AMEX
WRN,AMEX
WYY,AMEX
WTT,AMEX
XTNT,AMEX
YUMA,AMEX
ZDGE,AMEX
ZOM,AMEX
